ScheduleDayName,ScheduleTypeLimits,1,2,3,4,5,6,7,8,9,10,11,12,13,14,15,16,17,18,19,20,21,22,23,24
OnDay,Fraction,1,1,1,1,1,1,1,1,1,1,1,1,1,1,1,1,1,1,1,1,1,1,1,1
OffDay,Fraction,0,0,0,0,0,0,0,0,0,0,0,0,0,0,0,0,0,0,0,0,0,0,0,0
AverageServiceHotWaterWD,Fraction,0.03,0.03,0.03,0.02,0.03,0.04,0.19,0.26,0.32,0.35,0.35,0.44,0.44,0.4,0.37,0.4,0.36,0.31,0.24,0.18,0.16,0.14,0.08,0.05
AverageServiceHotWaterSat,Fraction,0.04,0.03,0.03,0.02,0.02,0.03,0.14,0.14,0.14,0.19,0.17,0.21,0.18,0.17,0.19,0.2,0.21,0.2,0.15,0.17,0.13,0.11,0.06,0.05
AverageServiceHotWaterSun,Fraction,0.04,0.03,0.03,0.02,0.02,0.03,0.14,0.13,0.1,0.09,0.12,0.12,0.11,0.12,0.14,0.15,0.17,0.18,0.13,0.16,0.11,0.1,0.06,0.04
AssemblyOccupancyWD,Fraction,0,0,0,0,0,0,0,0,0.2,0.2,0.2,0.8,0.8,0.8,0.8,0.8,0.8,0.8,0.2,0.2,0.2,0.2,0.1,0
AssemblyOccupancySat,Fraction,0,0,0,0,0,0,0,0,0.2,0.2,0.2,0.6,0.6,0.6,0.6,0.6,0.6,0.6,0.6,0.6,0.6,0.8,0.1,0
AssemblyOccupancySun,Fraction,0,0,0,0,0,0,0,0,0.1,0.1,0.1,0.1,0.1,0.7,0.7,0.7,0.7,0.7,0.7,0.7,0.7,0.7,0.2,0
AssemblyLightsWD,Fraction,0.05,0.05,0.05,0.05,0.05,0.05,0.35,0.35,0.35,0.65,0.65,0.65,0.65,0.65,0.65,0.65,0.65,0.65,0.65,0.65,0.65,0.65,0.25,0.05
AssemblyLightsSat,Fraction,0.05,0.05,0.05,0.05,0.05,0.05,0.05,0.3,0.3,0.4,0.4,0.4,0.4,0.4,0.4,0.4,0.4,0.4,0.4,0.4,0.4,0.4,0.4,0.05
AssemblyLightsSun,Fraction,0.05,0.05,0.05,0.05,0.05,0.05,0.05,0.3,0.3,0.3,0.3,0.3,0.55,0.55,0.55,0.55,0.55,0.55,0.55,0.55,0.55,0.55,0.05,0.05
AssemblyReceptacleWD,Fraction,0.05,0.05,0.05,0.05,0.05,0.05,0.4,0.4,0.4,0.75,0.75,0.75,0.75,0.75,0.75,0.75,0.75,0.75,0.75,0.75,0.75,0.75,0.25,0.05
AssemblyReceptacleSat,Fraction,0.05,0.05,0.05,0.05,0.05,0.05,0.05,0.3,0.3,0.5,0.5,0.5,0.5,0.5,0.5,0.5,0.5,0.5,0.5,0.5,0.5,0.5,0.5,0.05
AssemblyReceptacleSun,Fraction,0.05,0.05,0.05,0.05,0.05,0.05,0.05,0.3,0.3,0.3,0.3,0.3,0.65,0.65,0.65,0.65,0.65,0.65,0.65,0.65,0.65,0.65,0.05,0.05
AssemblyHVACAvailWD,OnOff,0,0,0,0,0,0,0,1,1,1,1,1,1,1,1,1,1,1,1,1,1,1,1,0
AssemblyHVACAvailSat,OnOff,0,0,0,0,0,0,0,1,1,1,1,1,1,1,1,1,1,1,1,1,1,1,1,0
AssemblyHVACAvailSun,OnOff,0,0,0,0,0,0,0,1,1,1,1,1,1,1,1,1,1,1,1,1,1,1,1,0
AssemblyServiceHotWaterWD,Fraction,0,0,0,0,0,0,0,0,0,0.05,0.05,0.35,0.05,0.05,0.05,0.05,0.05,0,0,0,0,0,0,0
AssemblyServiceHotWaterSat,Fraction,0,0,0,0,0,0,0,0,0,0.05,0.05,0.2,0,0,0,0,0,0,0,0.65,0.3,0,0,0
AssemblyServiceHotWaterSun,Fraction,0,0,0,0,0,0,0,0,0,0.05,0.05,0.1,0,0,0,0,0,0,0,0.65,0.3,0,0,0
AssemblyElevatorWD,Fraction,0,0,0,0,0,0,0,0,0.12,0.22,0.64,0.74,0.68,0.68,0.71,0.72,0.72,0.73,0.68,0.68,0.58,0.54,0,0
AssemblyElevatorSat,Fraction,0,0,0,0,0,0,0,0,0.09,0.21,0.56,0.66,0.68,0.68,0.69,0.7,0.69,0.66,0.58,0.47,0.43,0.43,0.08,0
AssemblyElevatorSun,Fraction,0,0,0,0,0,0,0,0,0,0,0.11,0.13,0.35,0.37,0.37,0.39,0.41,0.38,0.34,0.03,0,0,0,0
AssemblyRefrigerationWD,Fraction,0.9,0.9,0.9,0.9,0.9,0.9,0.9,0.9,0.9,0.9,0.9,0.9,0.9,0.9,0.9,0.9,0.9,0.9,0.9,0.9,0.9,0.9,0.9,0.9
AssemblyRefrigerationSat,Fraction,0.9,0.9,0.9,0.9,0.9,0.9,0.9,0.9,0.9,0.9,0.9,0.9,0.9,0.9,0.9,0.9,0.9,0.9,0.9,0.9,0.9,0.9,0.9,0.9
AssemblyRefrigerationSun,Fraction,0.9,0.9,0.9,0.9,0.9,0.9,0.9,0.9,0.9,0.9,0.9,0.9,0.9,0.9,0.9,0.9,0.9,0.9,0.9,0.9,0.9,0.9,0.9,0.9
AssemblyGasEquipWD,Fraction,0,0,0,0,0,0,0,0,0.3,0.3,0.2,0.9,0.9,0.9,0.2,0.2,0.2,0.5,0.5,0.1,0.1,0.1,0,0
AssemblyGasEquipSat,Fraction,0,0,0,0,0,0,0,0,0.3,0.3,0.2,0.7,0.7,0.7,0.2,0.2,0.2,0.4,0.4,0.1,0.1,0.1,0,0
AssemblyGasEquipSun,Fraction,0,0,0,0,0,0,0,0,0.2,0.2,0.1,0.1,0.3,0.8,0.2,0.2,0.2,0.5,0.5,0.1,0.1,0.1,0,0
AssemblyHtgSetptWD,Temperature,60,60,60,60,60,60,60,70,70,70,70,70,70,70,70,70,70,70,70,70,70,70,70,60
AssemblyHtgSetptSat,Temperature,60,60,60,60,60,60,60,70,70,70,70,70,70,70,70,70,70,70,70,70,70,70,70,60
AssemblyHtgSetptSun,Temperature,60,60,60,60,60,60,60,70,70,70,70,70,70,70,70,70,70,70,70,70,70,70,70,60
AssemblyClgSetptWD,Temperature,85,85,85,85,85,85,85,75,75,75,75,75,75,75,75,75,75,75,75,75,75,75,75,85
AssemblyClgSetptSat,Temperature,85,85,85,85,85,85,85,75,75,75,75,75,75,75,75,75,75,75,75,75,75,75,75,85
AssemblyClgSetptSun,Temperature,85,85,85,85,85,85,85,75,75,75,75,75,75,75,75,75,75,75,75,75,75,75,75,85
AssemblyInfiltrationWD,Fraction,1,1,1,1,1,1,1,0.25,0.25,0.25,0.25,0.25,0.25,0.25,0.25,0.25,0.25,0.25,0.25,0.25,0.25,0.25,0.25,1
AssemblyInfiltrationSat,Fraction,1,1,1,1,1,1,1,0.25,0.25,0.25,0.25,0.25,0.25,0.25,0.25,0.25,0.25,0.25,0.25,0.25,0.25,0.25,0.25,1
AssemblyInfiltrationSun,Fraction,1,1,1,1,1,1,1,0.25,0.25,0.25,0.25,0.25,0.25,0.25,0.25,0.25,0.25,0.25,0.25,0.25,0.25,0.25,0.25,1
AssemblyEscalatorWD,Fraction,0,0,0,0,0,0,0,1,1,1,1,1,1,1,1,1,1,1,1,1,1,1,1,0
AssemblyEscalatorSat,Fraction,0,0,0,0,0,0,0,1,1,1,1,1,1,1,1,1,1,1,1,1,1,1,1,0
AssemblyEscalatorSun,Fraction,0,0,0,0,0,0,0,1,1,1,1,1,1,1,1,1,1,1,1,1,1,1,1,0
AssemblyWtrHtrSetptWD,Temperature,135,135,135,135,135,135,135,135,135,135,135,135,135,135,135,135,135,135,135,135,135,135,135,135
AssemblyWtrHtrSetptSat,Temperature,135,135,135,135,135,135,135,135,135,135,135,135,135,135,135,135,135,135,135,135,135,135,135,135
AssemblyWtrHtrSetptSun,Temperature,135,135,135,135,135,135,135,135,135,135,135,135,135,135,135,135,135,135,135,135,135,135,135,135
DataOccupancyWD,Fraction,0,0,0,0,0.05,0.1,0.25,0.65,0.65,0.65,0.65,0.6,0.6,0.65,0.65,0.65,0.65,0.4,0.25,0.1,0.05,0.05,0.05,0
DataOccupancySat,Fraction,0,0,0,0,0,0,0.05,0.15,0.15,0.15,0.15,0.15,0.15,0.15,0.15,0.15,0.15,0.05,0.05,0.05,0,0,0,0
DataOccupancySun,Fraction,0,0,0,0,0,0,0,0.05,0.05,0.05,0.05,0.05,0.05,0.05,0.05,0.05,0.05,0.05,0.05,0.05,0,0,0,0
DataLightsWD,Fraction,0.05,0.05,0.05,0.05,0.1,0.2,0.4,0.7,0.8,0.85,0.85,0.85,0.85,0.85,0.85,0.85,0.85,0.8,0.35,0.1,0.1,0.1,0.1,0.1
DataLightsSat,Fraction,0.05,0.05,0.05,0.05,0.05,0.1,0.15,0.25,0.25,0.25,0.25,0.25,0.25,0.25,0.2,0.2,0.2,0.15,0.1,0.1,0.1,0.1,0.1,0.1
DataLightsSun,Fraction,0.05,0.05,0.05,0.05,0.05,0.1,0.1,0.15,0.15,0.15,0.15,0.15,0.15,0.15,0.15,0.15,0.15,0.1,0.1,0.1,0.05,0.05,0.05,0.05
DataReceptacleJanMaySep,Fraction,0.25,0.25,0.25,0.25,0.25,0.25,0.25,0.25,0.25,0.25,0.25,0.25,0.25,0.25,0.25,0.25,0.25,0.25,0.25,0.25,0.25,0.25,0.25,0.25
DataReceptacleFebJunOct,Fraction,0.5,0.5,0.5,0.5,0.5,0.5,0.5,0.5,0.5,0.5,0.5,0.5,0.5,0.5,0.5,0.5,0.5,0.5,0.5,0.5,0.5,0.5,0.5,0.5
DataReceptacleMarJulNov,Fraction,0.75,0.75,0.75,0.75,0.75,0.75,0.75,0.75,0.75,0.75,0.75,0.75,0.75,0.75,0.75,0.75,0.75,0.75,0.75,0.75,0.75,0.75,0.75,0.75
DataReceptacleAprAugDec,Fraction,1,1,1,1,1,1,1,1,1,1,1,1,1,1,1,1,1,1,1,1,1,1,1,1
DataHVACAvailWD,OnOff,1,1,1,1,1,1,1,1,1,1,1,1,1,1,1,1,1,1,1,1,1,1,1,1
DataHVACAvailSat,OnOff,1,1,1,1,1,1,1,1,1,1,1,1,1,1,1,1,1,1,1,1,1,1,1,1
DataHVACAvailSun,OnOff,1,1,1,1,1,1,1,1,1,1,1,1,1,1,1,1,1,1,1,1,1,1,1,1
DataServiceHotWaterWD,Fraction,0,0,0,0,0.1,0.1,0.5,0.5,0.5,0.5,0.7,0.9,0.9,0.5,0.5,0.7,0.5,0.5,0.5,0.1,0.1,0.1,0.1,0
DataServiceHotWaterSat,Fraction,0,0,0,0,0,0,0,0,0,0,0,0,0,0,0,0,0,0,0,0,0,0,0,0
DataServiceHotWaterSun,Fraction,0,0,0,0,0,0,0,0,0,0,0,0,0,0,0,0,0,0,0,0,0,0,0,0
DataElevatorWD,Fraction,0,0,0,0,0,0,0,0,0,0,0,0,0,0,0,0,0,0,0,0,0,0,0,0
DataElevatorSat,Fraction,0,0,0,0,0,0,0,0,0,0,0,0,0,0,0,0,0,0,0,0,0,0,0,0
DataElevatorSun,Fraction,0,0,0,0,0,0,0,0,0,0,0,0,0,0,0,0,0,0,0,0,0,0,0,0
DataHtgSetptWD,Temperature,60,60,60,60,60,60,60,60,60,60,60,60,60,60,60,60,60,60,60,60,60,60,60,60
DataHtgSetptSat,Temperature,60,60,60,60,60,60,60,60,60,60,60,60,60,60,60,60,60,60,60,60,60,60,60,60
DataHtgSetptSun,Temperature,60,60,60,60,60,60,60,60,60,60,60,60,60,60,60,60,60,60,60,60,60,60,60,60
DataClgSetptWD,Temperature,80,80,80,80,80,80,80,80,80,80,80,80,80,80,80,80,80,80,80,80,80,80,80,80
DataClgSetptSat,Temperature,80,80,80,80,80,80,80,80,80,80,80,80,80,80,80,80,80,80,80,80,80,80,80,80
DataClgSetptSun,Temperature,80,80,80,80,80,80,80,80,80,80,80,80,80,80,80,80,80,80,80,80,80,80,80,80
DataInfiltrationWD,Fraction,0.25,0.25,0.25,0.25,0.25,0.25,0.25,0.25,0.25,0.25,0.25,0.25,0.25,0.25,0.25,0.25,0.25,0.25,0.25,0.25,0.25,0.25,0.25,0.25
DataInfiltrationSat,Fraction,0.25,0.25,0.25,0.25,0.25,0.25,0.25,0.25,0.25,0.25,0.25,0.25,0.25,0.25,0.25,0.25,0.25,0.25,0.25,0.25,0.25,0.25,0.25,0.25
DataInfiltrationSun,Fraction,0.25,0.25,0.25,0.25,0.25,0.25,0.25,0.25,0.25,0.25,0.25,0.25,0.25,0.25,0.25,0.25,0.25,0.25,0.25,0.25,0.25,0.25,0.25,0.25
DataWtrHtrSetptWD,Temperature,135,135,135,135,135,135,135,135,135,135,135,135,135,135,135,135,135,135,135,135,135,135,135,135
DataWtrHtrSetptSat,Temperature,135,135,135,135,135,135,135,135,135,135,135,135,135,135,135,135,135,135,135,135,135,135,135,135
DataWtrHtrSetptSun,Temperature,135,135,135,135,135,135,135,135,135,135,135,135,135,135,135,135,135,135,135,135,135,135,135,135
DataEscalatorWD,Fraction,0,0,0,1,1,1,1,1,1,1,1,1,1,1,1,1,1,1,1,1,1,1,1,0
DataEscalatorSat,Fraction,0,0,0,0,0,1,1,1,1,1,1,1,1,1,1,1,1,1,1,1,0,0,0,0
DataEscalatorSun,Fraction,0,0,0,0,0,0,1,1,1,1,1,1,1,1,1,1,1,1,1,1,0,0,0,0
DataGasEquipWD,Fraction,0,0,0,0,0,0,0,0.5,0.5,0.5,0.9,0.9,0.9,0.9,0.75,0.75,0.75,0.75,0,0,0,0,0,0
DataGasEquipSat,Fraction,0,0,0,0,0,0,0,0,0.5,0.5,0.9,0.9,0.9,0.9,0.75,0.75,0.75,0,0,0,0,0,0,0
DataGasEquipSun,Fraction,0,0,0,0,0,0,0,0,0,0,0,0,0,0,0,0,0,0,0,0,0,0,0,0
DataRefrigerationWD,Fraction,0.9,0.9,0.9,0.9,0.9,0.9,0.9,0.9,0.9,0.9,0.9,0.9,0.9,0.9,0.9,0.9,0.9,0.9,0.9,0.9,0.9,0.9,0.9,0.9
DataRefrigerationSat,Fraction,0.9,0.9,0.9,0.9,0.9,0.9,0.9,0.9,0.9,0.9,0.9,0.9,0.9,0.9,0.9,0.9,0.9,0.9,0.9,0.9,0.9,0.9,0.9,0.9
DataRefrigerationSun,Fraction,0.9,0.9,0.9,0.9,0.9,0.9,0.9,0.9,0.9,0.9,0.9,0.9,0.9,0.9,0.9,0.9,0.9,0.9,0.9,0.9,0.9,0.9,0.9,0.9
HealthOccupancyWD,Fraction,0,0,0,0,0,0,0,0.1,0.5,0.8,0.8,0.8,0.8,0.8,0.8,0.8,0.8,0.5,0.3,0.3,0.2,0.2,0,0
HealthOccupancySat,Fraction,0,0,0,0,0,0,0,0.1,0.3,0.4,0.4,0.4,0.4,0.4,0.4,0.4,0.4,0.1,0.1,0,0,0,0,0
HealthOccupancySun,Fraction,0,0,0,0,0,0,0,0,0.05,0.05,0.05,0.05,0.05,0.05,0.05,0.05,0,0,0,0,0,0,0,0
HealthLightsWD,Fraction,0.1,0.1,0.1,0.1,0.1,0.1,0.1,0.45,0.8,0.8,0.8,0.8,0.8,0.8,0.8,0.8,0.3,0.3,0.3,0.3,0.3,0.3,0.3,0.1
HealthLightsSat,Fraction,0.1,0.1,0.1,0.1,0.1,0.1,0.1,0.2,0.35,0.35,0.35,0.35,0.35,0.35,0.35,0.35,0.35,0.35,0.1,0.1,0.1,0.1,0.1,0.1
HealthLightsSun,Fraction,0.05,0.05,0.05,0.05,0.05,0.05,0.05,0.05,0.1,0.1,0.1,0.1,0.1,0.1,0.1,0.1,0.05,0.05,0.05,0.05,0.05,0.05,0.05,0.05
HealthReceptacleWD,Fraction,0.1,0.1,0.1,0.1,0.1,0.1,0.1,0.5,0.9,0.9,0.9,0.9,0.9,0.9,0.9,0.9,0.3,0.3,0.3,0.3,0.3,0.3,0.3,0.1
HealthReceptacleSat,Fraction,0.1,0.1,0.1,0.1,0.1,0.1,0.1,0.2,0.4,0.4,0.4,0.4,0.4,0.4,0.4,0.4,0.4,0.4,0.1,0.1,0.1,0.1,0.1,0.1
HealthReceptacleSun,Fraction,0.05,0.05,0.05,0.05,0.05,0.05,0.05,0.05,0.1,0.1,0.1,0.1,0.1,0.1,0.1,0.1,0.05,0.05,0.05,0.05,0.05,0.05,0.05,0.05
HealthHVACAvailWD,OnOff,0,0,0,0,0,0,1,1,1,1,1,1,1,1,1,1,1,1,1,1,1,1,0,0
HealthHVACAvailSat,OnOff,0,0,0,0,0,0,1,1,1,1,1,1,1,1,1,1,1,1,1,0,0,0,0,0
HealthHVACAvailSun,OnOff,0,0,0,0,0,0,0,1,1,1,1,1,1,1,1,1,0,0,0,0,0,0,0,0
HealthServiceHotWaterWD,Fraction,0.01,0.01,0.01,0.01,0.01,0.01,0.01,0.17,0.58,0.66,0.78,0.82,0.71,0.82,0.78,0.74,0.63,0.41,0.18,0.18,0.18,0.1,0.01,0.01
HealthServiceHotWaterSat,Fraction,0.01,0.01,0.01,0.01,0.01,0.01,0.01,0.01,0.2,0.28,0.3,0.3,0.24,0.24,0.23,0.23,0.23,0.1,0.01,0.01,0.01,0.01,0.01,0.01
HealthServiceHotWaterSun,Fraction,0.01,0.01,0.01,0.01,0.01,0.01,0.01,0.01,0.01,0.01,0.01,0.01,0.01,0.01,0.01,0.01,0.01,0.01,0.01,0.01,0.01,0.01,0.01,0.01
HealthElevatorWD,Fraction,0,0,0,0,0,0,0,0.02,0.75,1,1,1,0.75,1,1,1,1,1,0.52,0.52,0.52,0.28,0,0
HealthElevatorSat,Fraction,0,0,0,0,0,0,0,0.02,0.46,0.7,0.7,0.7,0.51,0.51,0.51,0.51,0.51,0.25,0.02,0,0,0,0,0
HealthElevatorSun,Fraction,0,0,0,0,0,0,0,0,0.02,0.02,0.02,0.02,0.02,0.02,0.02,0.02,0,0,0,0,0,0,0,0
HealthRefrigerationWD,Fraction,0.9,0.9,0.9,0.9,0.9,0.9,0.9,0.9,0.9,0.9,0.9,0.9,0.9,0.9,0.9,0.9,0.9,0.9,0.9,0.9,0.9,0.9,0.9,0.9
HealthRefrigerationSat,Fraction,0.9,0.9,0.9,0.9,0.9,0.9,0.9,0.9,0.9,0.9,0.9,0.9,0.9,0.9,0.9,0.9,0.9,0.9,0.9,0.9,0.9,0.9,0.9,0.9
HealthRefrigerationSun,Fraction,0.9,0.9,0.9,0.9,0.9,0.9,0.9,0.9,0.9,0.9,0.9,0.9,0.9,0.9,0.9,0.9,0.9,0.9,0.9,0.9,0.9,0.9,0.9,0.9
HealthGasEquipWD,Fraction,0,0,0,0,0,0,0,0.75,0.9,0.9,0.9,0.9,0.9,0.9,0.9,0.9,0.9,0.75,0.2,0.1,0,0,0,0
HealthGasEquipSat,Fraction,0,0,0,0,0,0,0,0.3,0.5,0.5,0.5,0.5,0.5,0.5,0.5,0.5,0.5,0.3,0,0,0,0,0,0
HealthGasEquipSun,Fraction,0,0,0,0,0,0,0,0,0,0,0,0,0,0,0,0,0,0,0,0,0,0,0,0
HealthHtgSetptWD,Temperature,70,70,70,70,70,70,70,70,70,70,70,70,70,70,70,70,70,70,70,70,70,70,70,70
HealthHtgSetptSat,Temperature,70,70,70,70,70,70,70,70,70,70,70,70,70,70,70,70,70,70,70,70,70,70,70,70
HealthHtgSetptSun,Temperature,70,70,70,70,70,70,70,70,70,70,70,70,70,70,70,70,70,70,70,70,70,70,70,70
HealthClgSetptWD,Temperature,75,75,75,75,75,75,75,75,75,75,75,75,75,75,75,75,75,75,75,75,75,75,75,75
HealthClgSetptSat,Temperature,75,75,75,75,75,75,75,75,75,75,75,75,75,75,75,75,75,75,75,75,75,75,75,75
HealthClgSetptSun,Temperature,75,75,75,75,75,75,75,75,75,75,75,75,75,75,75,75,75,75,75,75,75,75,75,75
HealthInfiltrationWD,Fraction,1,1,1,1,1,1,0.25,0.25,0.25,0.25,0.25,0.25,0.25,0.25,0.25,0.25,0.25,0.25,0.25,0.25,0.25,0.25,1,1
HealthInfiltrationSat,Fraction,1,1,1,1,1,1,0.25,0.25,0.25,0.25,0.25,0.25,0.25,0.25,0.25,0.25,0.25,0.25,0.25,1,1,1,1,1
HealthInfiltrationSun,Fraction,1,1,1,1,1,1,1,0.25,0.25,0.25,0.25,0.25,0.25,0.25,0.25,0.25,1,1,1,1,1,1,1,1
HealthWtrHtrSetptWD,Temperature,135,135,135,135,135,135,135,135,135,135,135,135,135,135,135,135,135,135,135,135,135,135,135,135
HealthWtrHtrSetptSat,Temperature,135,135,135,135,135,135,135,135,135,135,135,135,135,135,135,135,135,135,135,135,135,135,135,135
HealthWtrHtrSetptSun,Temperature,135,135,135,135,135,135,135,135,135,135,135,135,135,135,135,135,135,135,135,135,135,135,135,135
HealthEscalatorWD,Fraction,0,0,0,0,0,0,1,1,1,1,1,1,1,1,1,1,1,1,1,1,1,1,0,0
HealthEscalatorSat,Fraction,0,0,0,0,0,0,1,1,1,1,1,1,1,1,1,1,1,1,1,0,0,0,0,0
HealthEscalatorSun,Fraction,0,0,0,0,0,0,0,1,1,1,1,1,1,1,1,1,0,0,0,0,0,0,0,0
LabOccupancyWD,Fraction,0.05,0.05,0.05,0.05,0.05,0.05,0.05,0.1,0.2,0.9,0.9,0.45,0.45,0.9,0.9,0.9,0.9,0.9,0.3,0.1,0.1,0.1,0.05,0.05
LabOccupancySat,Fraction,0.05,0.05,0.05,0.05,0.05,0.05,0.05,0.1,0.1,0.3,0.3,0.3,0.3,0.1,0.1,0.1,0.1,0.1,0.05,0.05,0.05,0.05,0.05,0.05
LabOccupancySun,Fraction,0.05,0.05,0.05,0.05,0.05,0.05,0.05,0.1,0.1,0.3,0.3,0.3,0.3,0.1,0.1,0.1,0.1,0.1,0.05,0.05,0.05,0.05,0.05,0.05
LabLightsWD,Fraction,0.2,0.2,0.2,0.2,0.2,0.2,0.3,0.5,0.9,0.9,0.9,0.9,0.8,0.9,0.9,0.9,0.9,0.9,0.5,0.5,0.3,0.3,0.2,0.2
LabLightsSat,Fraction,0.1,0.1,0.1,0.1,0.1,0.1,0.1,0.1,0.4,0.4,0.4,0.4,0.2,0.2,0.2,0.2,0.2,0.1,0.1,0.1,0.1,0.1,0.1,0.1
LabLightsSun,Fraction,0.1,0.1,0.1,0.1,0.1,0.1,0.1,0.1,0.4,0.4,0.4,0.4,0.2,0.2,0.2,0.2,0.2,0.1,0.1,0.1,0.1,0.1,0.1,0.1
LabReceptacleWD,Fraction,0.2,0.2,0.2,0.2,0.2,0.2,0.3,0.4,0.5,0.7,0.8,0.5,0.6,0.7,0.9,0.8,0.5,0.4,0.3,0.2,0.2,0.2,0.2,0.2
LabReceptacleSat,Fraction,0,0,0,0,0,0,0,0,0,0,0,0,0,0,0,0,0,0,0,0,0,0,0,0
LabReceptacleSun,Fraction,0,0,0,0,0,0,0,0,0,0,0,0,0,0,0,0,0,0,0,0,0,0,0,0
LabHVACAvailWD,OnOff,1,1,1,1,1,1,1,1,1,1,1,1,1,1,1,1,1,1,1,1,1,1,1,1
LabHVACAvailSat,OnOff,1,1,1,1,1,1,1,1,1,1,1,1,1,1,1,1,1,1,1,1,1,1,1,1
LabHVACAvailSun,OnOff,1,1,1,1,1,1,1,1,1,1,1,1,1,1,1,1,1,1,1,1,1,1,1,1
LabServiceHotWaterWD,Fraction,0,0,0,0,0,0,0,0,0,0,0,0,0,0,0,0,0,0,0,0,0,0,0,0
LabServiceHotWaterSat,Fraction,0,0,0,0,0,0,0,0,0,0,0,0,0,0,0,0,0,0,0,0,0,0,0,0
LabServiceHotWaterSun,Fraction,0,0,0,0,0,0,0,0,0,0,0,0,0,0,0,0,0,0,0,0,0,0,0,0
LabElevatorWD,Fraction,0,0,0,0,0,0,0,0,0,0,0,0,0,0,0,0,0,0,0,0,0,0,0,0
LabElevatorSat,Fraction,0,0,0,0,0,0,0,0,0,0,0,0,0,0,0,0,0,0,0,0,0,0,0,0
LabElevatorSun,Fraction,0,0,0,0,0,0,0,0,0,0,0,0,0,0,0,0,0,0,0,0,0,0,0,0
LabExhaustHoodCAVWD,Fraction,0.9,0.9,0.9,0.9,0.9,0.9,0.9,0.9,0.9,0.9,0.9,0.9,0.9,0.9,0.9,0.9,0.9,0.9,0.9,0.9,0.9,0.9,0.9,0.9
LabExhaustHoodCAVSat,Fraction,0.9,0.9,0.9,0.9,0.9,0.9,0.9,0.9,0.9,0.9,0.9,0.9,0.9,0.9,0.9,0.9,0.9,0.9,0.9,0.9,0.9,0.9,0.9,0.9
LabExhaustHoodCAVSun,Fraction,0.9,0.9,0.9,0.9,0.9,0.9,0.9,0.9,0.9,0.9,0.9,0.9,0.9,0.9,0.9,0.9,0.9,0.9,0.9,0.9,0.9,0.9,0.9,0.9
LabExhaustHoodVAVWD,Fraction,0.4,0.4,0.4,0.4,0.4,0.4,0.4,0.4,0.5,0.7,0.8,0.4,0.5,0.7,0.9,0.8,0.5,0.4,0.4,0.4,0.4,0.4,0.4,0.4
LabExhaustHoodVAVSat,Fraction,0.4,0.4,0.4,0.4,0.4,0.4,0.4,0.4,0.4,0.4,0.4,0.4,0.4,0.4,0.4,0.4,0.4,0.4,0.4,0.4,0.4,0.4,0.4,0.4
LabExhaustHoodVAVSun,Fraction,0.4,0.4,0.4,0.4,0.4,0.4,0.4,0.4,0.4,0.4,0.4,0.4,0.4,0.4,0.4,0.4,0.4,0.4,0.4,0.4,0.4,0.4,0.4,0.4
LabProcessEquipmentTypicalUseWD,Fraction,0.2,0.2,0.2,0.2,0.2,0.2,0.2,0.3,0.4,0.5,0.5,0.5,0.4,0.5,0.5,0.5,0.5,0.4,0.3,0.3,0.2,0.2,0.2,0.2
LabProcessEquipmentTypicalUseSat,Fraction,0.2,0.2,0.2,0.2,0.2,0.2,0.3,0.3,0.4,0.4,0.4,0.4,0.3,0.3,0.3,0.3,0.3,0.2,0.2,0.2,0.2,0.2,0.2,0.2
LabProcessEquipmentTypicalUseSun,Fraction,0.2,0.2,0.2,0.2,0.2,0.2,0.3,0.3,0.4,0.4,0.4,0.4,0.3,0.3,0.3,0.3,0.3,0.2,0.2,0.2,0.2,0.2,0.2,0.2
LabProcessEquipmentHighUseWD,Fraction,1,1,1,1,1,1,1,1,1,1,1,1,1,1,1,1,1,1,1,1,1,1,1,1
LabProcessEquipmentHighUseSat,Fraction,1,1,1,1,1,1,1,1,1,1,1,1,1,1,1,1,1,1,1,1,1,1,1,1
LabProcessEquipmentHighUseSun,Fraction,1,1,1,1,1,1,1,1,1,1,1,1,1,1,1,1,1,1,1,1,1,1,1,1
LabRefrigerationWD,Fraction,0.9,0.9,0.9,0.9,0.9,0.9,0.9,0.9,0.9,0.9,0.9,0.9,0.9,0.9,0.9,0.9,0.9,0.9,0.9,0.9,0.9,0.9,0.9,0.9
LabRefrigerationSat,Fraction,0.9,0.9,0.9,0.9,0.9,0.9,0.9,0.9,0.9,0.9,0.9,0.9,0.9,0.9,0.9,0.9,0.9,0.9,0.9,0.9,0.9,0.9,0.9,0.9
LabRefrigerationSun,Fraction,0.9,0.9,0.9,0.9,0.9,0.9,0.9,0.9,0.9,0.9,0.9,0.9,0.9,0.9,0.9,0.9,0.9,0.9,0.9,0.9,0.9,0.9,0.9,0.9
LabGasEquipWD,Fraction,0,0,0,0,0,0,0,0.1,0.2,0.9,0.9,0.45,0.45,0.9,0.9,0.9,0.9,0.9,0.1,0.1,0,0,0,0
LabGasEquipSat,Fraction,0,0,0,0,0,0,0,0.1,0.1,0.3,0.3,0.3,0.3,0.1,0.1,0.1,0.1,0.1,0,0,0,0,0,0
LabGasEquipSun,Fraction,0,0,0,0,0,0,0,0.1,0.1,0.3,0.3,0.3,0.3,0.1,0.1,0.1,0.1,0.1,0,0,0,0,0,0
LabHtgSetptWD,Temperature,70,70,70,70,70,70,70,70,70,70,70,70,70,70,70,70,70,70,70,70,70,70,70,70
LabHtgSetptSat,Temperature,70,70,70,70,70,70,70,70,70,70,70,70,70,70,70,70,70,70,70,70,70,70,70,70
LabHtgSetptSun,Temperature,70,70,70,70,70,70,70,70,70,70,70,70,70,70,70,70,70,70,70,70,70,70,70,70
LabClgSetptWD,Temperature,75,75,75,75,75,75,75,75,75,75,75,75,75,75,75,75,75,75,75,75,75,75,75,75
LabClgSetptSat,Temperature,75,75,75,75,75,75,75,75,75,75,75,75,75,75,75,75,75,75,75,75,75,75,75,75
LabClgSetptSun,Temperature,75,75,75,75,75,75,75,75,75,75,75,75,75,75,75,75,75,75,75,75,75,75,75,75
LabInfiltrationWD,Fraction,0.25,0.25,0.25,0.25,0.25,0.25,0.25,0.25,0.25,0.25,0.25,0.25,0.25,0.25,0.25,0.25,0.25,0.25,0.25,0.25,0.25,0.25,0.25,0.25
LabInfiltrationSat,Fraction,0.25,0.25,0.25,0.25,0.25,0.25,0.25,0.25,0.25,0.25,0.25,0.25,0.25,0.25,0.25,0.25,0.25,0.25,0.25,0.25,0.25,0.25,0.25,0.25
LabInfiltrationSun,Fraction,0.25,0.25,0.25,0.25,0.25,0.25,0.25,0.25,0.25,0.25,0.25,0.25,0.25,0.25,0.25,0.25,0.25,0.25,0.25,0.25,0.25,0.25,0.25,0.25
LabWtrHtrSetptWD,Temperature,135,135,135,135,135,135,135,135,135,135,135,135,135,135,135,135,135,135,135,135,135,135,135,135
LabWtrHtrSetptSat,Temperature,135,135,135,135,135,135,135,135,135,135,135,135,135,135,135,135,135,135,135,135,135,135,135,135
LabWtrHtrSetptSun,Temperature,135,135,135,135,135,135,135,135,135,135,135,135,135,135,135,135,135,135,135,135,135,135,135,135
ManufacturingOccupancyWD,Fraction,0,0,0,0,0,0,0.1,0.2,0.95,0.95,0.95,0.95,0.5,0.95,0.95,0.95,0.95,0.3,0.1,0.1,0.1,0.1,0.05,0.05
ManufacturingOccupancySat,Fraction,0,0,0,0,0,0,0.1,0.1,0.3,0.3,0.3,0.3,0.1,0.1,0.1,0.1,0.1,0.05,0.05,0,0,0,0,0
ManufacturingOccupancySun,Fraction,0,0,0,0,0,0,0.05,0.05,0.05,0.05,0.05,0.05,0.05,0.05,0.05,0.05,0.05,0.05,0,0,0,0,0,0
ManufacturingLightsWD,Fraction,0.05,0.05,0.05,0.05,0.05,0.1,0.1,0.3,0.85,0.85,0.85,0.85,0.85,0.85,0.85,0.85,0.85,0.5,0.3,0.3,0.2,0.2,0.1,0.05
ManufacturingLightsSat,Fraction,0.05,0.05,0.05,0.05,0.05,0.05,0.1,0.1,0.3,0.3,0.3,0.3,0.15,0.15,0.15,0.15,0.15,0.05,0.05,0.05,0.05,0.05,0.05,0.05
ManufacturingLightsSun,Fraction,0.05,0.05,0.05,0.05,0.05,0.05,0.05,0.05,0.05,0.05,0.05,0.05,0.05,0.05,0.05,0.05,0.05,0.05,0.05,0.05,0.05,0.05,0.05,0.05
ManufacturingReceptacleWD,Fraction,0.05,0.05,0.05,0.05,0.05,0.1,0.1,0.3,0.9,0.9,0.9,0.9,0.9,0.9,0.9,0.9,0.9,0.5,0.3,0.3,0.2,0.2,0.1,0.05
ManufacturingReceptacleSat,Fraction,0.05,0.05,0.05,0.05,0.05,0.05,0.1,0.1,0.3,0.3,0.3,0.3,0.15,0.15,0.15,0.15,0.15,0.05,0.05,0.05,0.05,0.05,0.05,0.05
ManufacturingReceptacleSun,Fraction,0.05,0.05,0.05,0.05,0.05,0.05,0.05,0.05,0.05,0.05,0.05,0.05,0.05,0.05,0.05,0.05,0.05,0.05,0.05,0.05,0.05,0.05,0.05,0.05
ManufacturingHVACAvailWD,OnOff,0,0,0,0,0,1,1,1,1,1,1,1,1,1,1,1,1,1,1,1,1,1,1,1
ManufacturingHVACAvailSat,OnOff,0,0,0,0,0,1,1,1,1,1,1,1,1,1,1,1,1,1,1,0,0,0,0,0
ManufacturingHVACAvailSun,OnOff,0,0,0,0,0,1,1,1,1,1,1,1,1,1,1,1,1,1,0,0,0,0,0,0
ManufacturingServiceHotWaterWD,Fraction,0.05,0.05,0.05,0.05,0.05,0.08,0.07,0.19,0.35,0.38,0.39,0.47,0.57,0.54,0.34,0.33,0.44,0.26,0.21,0.15,0.17,0.08,0.05,0.05
ManufacturingServiceHotWaterSat,Fraction,0.05,0.05,0.05,0.05,0.05,0.08,0.07,0.11,0.15,0.21,0.19,0.23,0.2,0.19,0.15,0.12,0.14,0.07,0.07,0.07,0.07,0.09,0.05,0.05
ManufacturingServiceHotWaterSun,Fraction,0.04,0.04,0.04,0.04,0.04,0.07,0.04,0.04,0.04,0.04,0.04,0.06,0.06,0.09,0.06,0.04,0.04,0.04,0.04,0.04,0.04,0.07,0.04,0.04
ManufacturingElevatorWD,Fraction,0,0,0,0,0,0,0,0.35,0.69,0.43,0.37,0.43,0.58,0.48,0.37,0.37,0.46,0.62,0.2,0.12,0.04,0.04,0,0
ManufacturingElevatorSat,Fraction,0,0,0,0,0,0,0,0.16,0.14,0.21,0.18,0.25,0.21,0.13,0.08,0.04,0.05,0.06,0,0,0,0,0,0
ManufacturingElevatorSun,Fraction,0,0,0,0,0,0,0,0,0,0,0,0,0,0,0,0,0,0,0,0,0,0,0,0
ManufacturingRefrigerationWD,Fraction,0.9,0.9,0.9,0.9,0.9,0.9,0.9,0.9,0.9,0.9,0.9,0.9,0.9,0.9,0.9,0.9,0.9,0.9,0.9,0.9,0.9,0.9,0.9,0.9
ManufacturingRefrigerationSat,Fraction,0.9,0.9,0.9,0.9,0.9,0.9,0.9,0.9,0.9,0.9,0.9,0.9,0.9,0.9,0.9,0.9,0.9,0.9,0.9,0.9,0.9,0.9,0.9,0.9
ManufacturingRefrigerationSun,Fraction,0.9,0.9,0.9,0.9,0.9,0.9,0.9,0.9,0.9,0.9,0.9,0.9,0.9,0.9,0.9,0.9,0.9,0.9,0.9,0.9,0.9,0.9,0.9,0.9
ManufacturingGasEquipWD,Fraction,0,0,0,0,0,0,0.5,0.75,0.9,0.9,0.9,0.9,0.9,0.9,0.9,0.9,0.9,0.5,0,0,0,0,0,0
ManufacturingGasEquipSat,Fraction,0,0,0,0,0,0,0.1,0.1,0.2,0.2,0.2,0.2,0.2,0.2,0.2,0.2,0.2,0,0,0,0,0,0,0
ManufacturingGasEquipSun,Fraction,0,0,0,0,0,0,0,0,0,0,0,0,0,0,0,0,0,0,0,0,0,0,0,0
ManufacturingHtgSetptWD,Temperature,60,60,60,60,60,70,70,70,70,70,70,70,70,70,70,70,70,70,70,70,70,70,70,70
ManufacturingHtgSetptSat,Temperature,60,60,60,60,60,70,70,70,70,70,70,70,70,70,70,70,70,70,70,60,60,60,60,60
ManufacturingHtgSetptSun,Temperature,60,60,60,60,60,60,60,60,60,60,60,60,60,60,60,60,60,60,60,60,60,60,60,60
ManufacturingClgSetptWD,Temperature,85,85,85,85,85,75,75,75,75,75,75,75,75,75,75,75,75,75,75,75,75,75,75,75
ManufacturingClgSetptSat,Temperature,85,85,85,85,85,75,75,75,75,75,75,75,75,75,75,75,75,75,75,85,85,85,85,85
ManufacturingClgSetptSun,Temperature,85,85,85,85,85,85,85,85,85,85,85,85,85,85,85,85,85,85,85,85,85,85,85,85
ManufacturingInfiltrationWD,Fraction,1,1,1,1,1,0.25,0.25,0.25,0.25,0.25,0.25,0.25,0.25,0.25,0.25,0.25,0.25,0.25,0.25,0.25,0.25,0.25,0.25,0.25
ManufacturingInfiltrationSat,Fraction,1,1,1,1,1,0.25,0.25,0.25,0.25,0.25,0.25,0.25,0.25,0.25,0.25,0.25,0.25,0.25,0.25,1,1,1,1,1
ManufacturingInfiltrationSun,Fraction,1,1,1,1,1,0.25,0.25,0.25,0.25,0.25,0.25,0.25,0.25,0.25,0.25,0.25,0.25,0.25,1,1,1,1,1,1
ManufacturingWtrHtrSetptWD,Temperature,135,135,135,135,135,135,135,135,135,135,135,135,135,135,135,135,135,135,135,135,135,135,135,135
ManufacturingWtrHtrSetptSat,Temperature,135,135,135,135,135,135,135,135,135,135,135,135,135,135,135,135,135,135,135,135,135,135,135,135
ManufacturingWtrHtrSetptSun,Temperature,135,135,135,135,135,135,135,135,135,135,135,135,135,135,135,135,135,135,135,135,135,135,135,135
ManufacturingEscalatorWD,Fraction,0,0,0,0,0,1,1,1,1,1,1,1,1,1,1,1,1,1,1,1,1,1,1,1
ManufacturingEscalatorSat,Fraction,0,0,0,0,0,1,1,1,1,1,1,1,1,1,1,1,1,1,1,0,0,0,0,0
ManufacturingEscalatorSun,Fraction,0,0,0,0,0,1,1,1,1,1,1,1,1,1,1,1,1,1,0,0,0,0,0,0
OfficeOccupancyWD,Fraction,0,0,0,0,0,0,0.1,0.2,0.95,0.95,0.95,0.95,0.5,0.95,0.95,0.95,0.95,0.3,0.1,0.1,0.1,0.1,0.05,0.05
OfficeOccupancySat,Fraction,0,0,0,0,0,0,0.1,0.1,0.3,0.3,0.3,0.3,0.1,0.1,0.1,0.1,0.1,0.05,0.05,0,0,0,0,0
OfficeOccupancySun,Fraction,0,0,0,0,0,0,0.05,0.05,0.05,0.05,0.05,0.05,0.05,0.05,0.05,0.05,0.05,0.05,0,0,0,0,0,0
OfficeLightsWD,Fraction,0.05,0.05,0.05,0.05,0.05,0.1,0.1,0.3,0.65,0.65,0.65,0.65,0.65,0.65,0.65,0.65,0.65,0.35,0.3,0.3,0.2,0.2,0.1,0.05
OfficeLightsSat,Fraction,0.05,0.05,0.05,0.05,0.05,0.05,0.1,0.1,0.3,0.3,0.3,0.3,0.15,0.15,0.15,0.15,0.15,0.05,0.05,0.05,0.05,0.05,0.05,0.05
OfficeLightsSun,Fraction,0.05,0.05,0.05,0.05,0.05,0.05,0.05,0.05,0.05,0.05,0.05,0.05,0.05,0.05,0.05,0.05,0.05,0.05,0.05,0.05,0.05,0.05,0.05,0.05
OfficeReceptacleWD,Fraction,0.05,0.05,0.05,0.05,0.05,0.1,0.1,0.3,0.9,0.9,0.9,0.9,0.9,0.9,0.9,0.9,0.9,0.5,0.3,0.3,0.2,0.2,0.1,0.05
OfficeReceptacleSat,Fraction,0.05,0.05,0.05,0.05,0.05,0.05,0.1,0.1,0.3,0.3,0.3,0.3,0.15,0.15,0.15,0.15,0.15,0.05,0.05,0.05,0.05,0.05,0.05,0.05
OfficeReceptacleSun,Fraction,0.05,0.05,0.05,0.05,0.05,0.05,0.05,0.05,0.05,0.05,0.05,0.05,0.05,0.05,0.05,0.05,0.05,0.05,0.05,0.05,0.05,0.05,0.05,0.05
OfficeHVACAvailWD,OnOff,0,0,0,0,0,1,1,1,1,1,1,1,1,1,1,1,1,1,1,1,1,1,1,1
OfficeHVACAvailSat,OnOff,0,0,0,0,0,1,1,1,1,1,1,1,1,1,1,1,1,1,1,0,0,0,0,0
OfficeHVACAvailSun,OnOff,0,0,0,0,0,1,1,1,1,1,1,1,1,1,1,1,1,1,0,0,0,0,0,0
OfficeServiceHotWaterWD,Fraction,0.05,0.05,0.05,0.05,0.05,0.08,0.07,0.19,0.35,0.38,0.39,0.47,0.57,0.54,0.34,0.33,0.44,0.26,0.21,0.15,0.17,0.08,0.05,0.05
OfficeServiceHotWaterSat,Fraction,0.05,0.05,0.05,0.05,0.05,0.08,0.07,0.11,0.15,0.21,0.19,0.23,0.2,0.19,0.15,0.12,0.14,0.07,0.07,0.07,0.07,0.09,0.05,0.05
OfficeServiceHotWaterSun,Fraction,0.04,0.04,0.04,0.04,0.04,0.07,0.04,0.04,0.04,0.04,0.04,0.06,0.06,0.09,0.06,0.04,0.04,0.04,0.04,0.04,0.04,0.07,0.04,0.04
OfficeElevatorWD,Fraction,0,0,0,0,0,0,0,0.35,0.69,0.43,0.37,0.43,0.58,0.48,0.37,0.37,0.46,0.62,0.2,0.12,0.04,0.04,0,0
OfficeElevatorSat,Fraction,0,0,0,0,0,0,0,0.16,0.14,0.21,0.18,0.25,0.21,0.13,0.08,0.04,0.05,0.06,0,0,0,0,0,0
OfficeElevatorSun,Fraction,0,0,0,0,0,0,0,0,0,0,0,0,0,0,0,0,0,0,0,0,0,0,0,0
OfficeRefrigerationWD,Fraction,0.9,0.9,0.9,0.9,0.9,0.9,0.9,0.9,0.9,0.9,0.9,0.9,0.9,0.9,0.9,0.9,0.9,0.9,0.9,0.9,0.9,0.9,0.9,0.9
OfficeRefrigerationSat,Fraction,0.9,0.9,0.9,0.9,0.9,0.9,0.9,0.9,0.9,0.9,0.9,0.9,0.9,0.9,0.9,0.9,0.9,0.9,0.9,0.9,0.9,0.9,0.9,0.9
OfficeRefrigerationSun,Fraction,0.9,0.9,0.9,0.9,0.9,0.9,0.9,0.9,0.9,0.9,0.9,0.9,0.9,0.9,0.9,0.9,0.9,0.9,0.9,0.9,0.9,0.9,0.9,0.9
OfficeHtgSetptWD,Temperature,60,60,60,60,60,70,70,70,70,70,70,70,70,70,70,70,70,70,70,70,70,70,70,70
OfficeHtgSetptSat,Temperature,60,60,60,60,60,70,70,70,70,70,70,70,70,70,70,70,70,70,70,60,60,60,60,60
OfficeHtgSetptSun,Temperature,60,60,60,60,60,60,60,60,60,60,60,60,60,60,60,60,60,60,60,60,60,60,60,60
OfficeClgSetptWD,Temperature,85,85,85,85,85,75,75,75,75,75,75,75,75,75,75,75,75,75,75,75,75,75,75,75
OfficeClgSetptSat,Temperature,85,85,85,85,85,75,75,75,75,75,75,75,75,75,75,75,75,75,75,85,85,85,85,85
OfficeClgSetptSun,Temperature,85,85,85,85,85,85,85,85,85,85,85,85,85,85,85,85,85,85,85,85,85,85,85,85
OfficeInfiltrationWD,Fraction,1,1,1,1,1,0.25,0.25,0.25,0.25,0.25,0.25,0.25,0.25,0.25,0.25,0.25,0.25,0.25,0.25,0.25,0.25,0.25,0.25,0.25
OfficeInfiltrationSat,Fraction,1,1,1,1,1,0.25,0.25,0.25,0.25,0.25,0.25,0.25,0.25,0.25,0.25,0.25,0.25,0.25,0.25,1,1,1,1,1
OfficeInfiltrationSun,Fraction,1,1,1,1,1,0.25,0.25,0.25,0.25,0.25,0.25,0.25,0.25,0.25,0.25,0.25,0.25,0.25,1,1,1,1,1,1
OfficeEscalatorWD,Fraction,0,0,0,0,0,1,1,1,1,1,1,1,1,1,1,1,1,1,1,1,1,1,1,1
OfficeEscalatorSat,Fraction,0,0,0,0,0,1,1,1,1,1,1,1,1,1,1,1,1,1,1,0,0,0,0,0
OfficeEscalatorSun,Fraction,0,0,0,0,0,1,1,1,1,1,1,1,1,1,1,1,1,1,0,0,0,0,0,0
OfficeWtrHtrSetptWD,Temperature,135,135,135,135,135,135,135,135,135,135,135,135,135,135,135,135,135,135,135,135,135,135,135,135
OfficeWtrHtrSetptSat,Temperature,135,135,135,135,135,135,135,135,135,135,135,135,135,135,135,135,135,135,135,135,135,135,135,135
OfficeWtrHtrSetptSun,Temperature,135,135,135,135,135,135,135,135,135,135,135,135,135,135,135,135,135,135,135,135,135,135,135,135
OfficeGasEquipWD,Fraction,0,0,0,0,0,0,0,0.5,0.5,0.5,0.9,0.9,0.9,0.9,0.75,0.75,0.75,0.75,0,0,0,0,0,0
OfficeGasEquipSat,Fraction,0,0,0,0,0,0,0,0,0.5,0.5,0.9,0.9,0.9,0.9,0.75,0.75,0.75,0,0,0,0,0,0,0
OfficeGasEquipSun,Fraction,0,0,0,0,0,0,0,0,0,0,0,0,0,0,0,0,0,0,0,0,0,0,0,0
ParkingOccupancyWD,Fraction,0,0,0,0,0,0,0,0,0,0,0,0,0,0,0,0,0,0,0,0,0,0,0,0
ParkingOccupancySat,Fraction,0,0,0,0,0,0,0,0,0,0,0,0,0,0,0,0,0,0,0,0,0,0,0,0
ParkingOccupancySun,Fraction,0,0,0,0,0,0,0,0,0,0,0,0,0,0,0,0,0,0,0,0,0,0,0,0
ParkingLightsWD,Fraction,0.5,0.5,0.5,0.5,0.5,0.5,1,1,1,1,1,1,1,1,1,1,1,1,1,1,1,1,0.5,0.5
ParkingLightsSat,Fraction,0.5,0.5,0.5,0.5,0.5,0.5,1,1,1,1,1,1,1,1,1,1,1,0.5,0.5,0.5,0.5,0.5,0.5,0.5
ParkingLightsSun,Fraction,0.5,0.5,0.5,0.5,0.5,0.5,0.5,0.5,0.5,0.5,0.5,0.5,0.5,0.5,0.5,0.5,0.5,0.5,0.5,0.5,0.5,0.5,0.5,0.5
ParkingReceptacleWD,Fraction,1,1,1,1,1,1,1,1,1,1,1,1,1,1,1,1,1,1,1,1,1,1,1,1
ParkingReceptacleSat,Fraction,1,1,1,1,1,1,1,1,1,1,1,1,1,1,1,1,1,1,1,1,1,1,1,1
ParkingReceptacleSun,Fraction,1,1,1,1,1,1,1,1,1,1,1,1,1,1,1,1,1,1,1,1,1,1,1,1
ParkingHVACAvailWD,OnOff,1,1,1,1,1,1,1,1,1,1,1,1,1,1,1,1,1,1,1,1,1,1,1,1
ParkingHVACAvailSat,OnOff,1,1,1,1,1,1,1,1,1,1,1,1,1,1,1,1,1,1,1,1,1,1,1,1
ParkingHVACAvailSun,OnOff,1,1,1,1,1,1,1,1,1,1,1,1,1,1,1,1,1,1,1,1,1,1,1,1
ParkingServiceHotWaterWD,Fraction,0,0,0,0,0,0,0,0,0,0,0,0,0,0,0,0,0,0,0,0,0,0,0,0
ParkingServiceHotWaterSat,Fraction,0,0,0,0,0,0,0,0,0,0,0,0,0,0,0,0,0,0,0,0,0,0,0,0
ParkingServiceHotWaterSun,Fraction,0,0,0,0,0,0,0,0,0,0,0,0,0,0,0,0,0,0,0,0,0,0,0,0
ParkingElevatorWD,Fraction,0,0,0,0,0,0,0,0.35,0.69,0.43,0.37,0.43,0.58,0.48,0.37,0.37,0.46,0.62,0.2,0.12,0.04,0.04,0,0
ParkingElevatorSat,Fraction,0,0,0,0,0,0,0,0.16,0.14,0.21,0.18,0.25,0.21,0.13,0.08,0.04,0.05,0.06,0,0,0,0,0,0
ParkingElevatorSun,Fraction,0,0,0,0,0,0,0,0,0,0,0,0,0,0,0,0,0,0,0,0,0,0,0,0
ParkingHtgSetptWD,Temperature,60,60,60,60,60,60,60,60,60,60,60,60,60,60,60,60,60,60,60,60,60,60,60,60
ParkingHtgSetptSat,Temperature,60,60,60,60,60,60,60,60,60,60,60,60,60,60,60,60,60,60,60,60,60,60,60,60
ParkingHtgSetptSun,Temperature,60,60,60,60,60,60,60,60,60,60,60,60,60,60,60,60,60,60,60,60,60,60,60,60
ParkingClgSetptWD,Temperature,85,85,85,85,85,85,85,85,85,85,85,85,85,85,85,85,85,85,85,85,85,85,85,85
ParkingClgSetptSat,Temperature,85,85,85,85,85,85,85,85,85,85,85,85,85,85,85,85,85,85,85,85,85,85,85,85
ParkingClgSetptSun,Temperature,85,85,85,85,85,85,85,85,85,85,85,85,85,85,85,85,85,85,85,85,85,85,85,85
ParkingInfiltrationWD,Fraction,0.25,0.25,0.25,0.25,0.25,0.25,0.25,0.25,0.25,0.25,0.25,0.25,0.25,0.25,0.25,0.25,0.25,0.25,0.25,0.25,0.25,0.25,0.25,0.25
ParkingInfiltrationSat,Fraction,0.25,0.25,0.25,0.25,0.25,0.25,0.25,0.25,0.25,0.25,0.25,0.25,0.25,0.25,0.25,0.25,0.25,0.25,0.25,0.25,0.25,0.25,0.25,0.25
ParkingInfiltrationSun,Fraction,0.25,0.25,0.25,0.25,0.25,0.25,0.25,0.25,0.25,0.25,0.25,0.25,0.25,0.25,0.25,0.25,0.25,0.25,0.25,0.25,0.25,0.25,0.25,0.25
ParkingEscalatorWD,Fraction,0,0,0,0,0,1,1,1,1,1,1,1,1,1,1,1,1,1,1,1,1,1,1,1
ParkingEscalatorSat,Fraction,0,0,0,0,0,1,1,1,1,1,1,1,1,1,1,1,1,1,1,0,0,0,0,0
ParkingEscalatorSun,Fraction,0,0,0,0,0,1,1,1,1,1,1,1,1,1,1,1,1,1,0,0,0,0,0,0
ParkingGasEquipWD,Fraction,0,0,0,0,0,0,0,0.5,0.5,0.5,0.9,0.9,0.9,0.9,0.75,0.75,0.75,0.75,0,0,0,0,0,0
ParkingGasEquipSat,Fraction,0,0,0,0,0,0,0,0,0.5,0.5,0.9,0.9,0.9,0.9,0.75,0.75,0.75,0,0,0,0,0,0,0
ParkingGasEquipSun,Fraction,0,0,0,0,0,0,0,0,0,0,0,0,0,0,0,0,0,0,0,0,0,0,0,0
ParkingRefrigerationWD,Fraction,0.9,0.9,0.9,0.9,0.9,0.9,0.9,0.9,0.9,0.9,0.9,0.9,0.9,0.9,0.9,0.9,0.9,0.9,0.9,0.9,0.9,0.9,0.9,0.9
ParkingRefrigerationSat,Fraction,0.9,0.9,0.9,0.9,0.9,0.9,0.9,0.9,0.9,0.9,0.9,0.9,0.9,0.9,0.9,0.9,0.9,0.9,0.9,0.9,0.9,0.9,0.9,0.9
ParkingRefrigerationSun,Fraction,0.9,0.9,0.9,0.9,0.9,0.9,0.9,0.9,0.9,0.9,0.9,0.9,0.9,0.9,0.9,0.9,0.9,0.9,0.9,0.9,0.9,0.9,0.9,0.9
ParkingWtrHtrSetptWD,Temperature,135,135,135,135,135,135,135,135,135,135,135,135,135,135,135,135,135,135,135,135,135,135,135,135
ParkingWtrHtrSetptSat,Temperature,135,135,135,135,135,135,135,135,135,135,135,135,135,135,135,135,135,135,135,135,135,135,135,135
ParkingWtrHtrSetptSun,Temperature,135,135,135,135,135,135,135,135,135,135,135,135,135,135,135,135,135,135,135,135,135,135,135,135
ResidentialCommonOccupancyWD,Fraction,0.9,0.9,0.9,0.9,0.9,0.9,0.7,0.4,0.4,0.2,0.2,0.2,0.2,0.2,0.2,0.3,0.5,0.5,0.5,0.7,0.7,0.8,0.9,0.9
ResidentialCommonOccupancySat,Fraction,0.9,0.9,0.9,0.9,0.9,0.9,0.7,0.4,0.4,0.2,0.2,0.2,0.2,0.2,0.2,0.3,0.5,0.5,0.5,0.7,0.7,0.8,0.9,0.9
ResidentialCommonOccupancySun,Fraction,0.9,0.9,0.9,0.9,0.9,0.9,0.7,0.4,0.4,0.2,0.2,0.2,0.2,0.2,0.2,0.3,0.5,0.5,0.5,0.7,0.7,0.8,0.9,0.9
ResidentialCommonLightsWD,Fraction,0.1,0.1,0.1,0.1,0.1,0.3,0.45,0.45,0.45,0.45,0.3,0.3,0.3,0.3,0.3,0.3,0.3,0.3,0.6,0.8,0.9,0.8,0.6,0.3
ResidentialCommonLightsSat,Fraction,0.1,0.1,0.1,0.1,0.1,0.3,0.45,0.45,0.45,0.45,0.3,0.3,0.3,0.3,0.3,0.3,0.3,0.3,0.6,0.8,0.9,0.8,0.6,0.3
ResidentialCommonLightsSun,Fraction,0.1,0.1,0.1,0.1,0.1,0.3,0.45,0.45,0.45,0.45,0.3,0.3,0.3,0.3,0.3,0.3,0.3,0.3,0.6,0.8,0.9,0.8,0.6,0.3
ResidentialCommonReceptacleWD,Fraction,0.1,0.1,0.1,0.1,0.1,0.3,0.45,0.45,0.45,0.45,0.3,0.3,0.3,0.3,0.3,0.3,0.3,0.3,0.6,0.8,0.9,0.8,0.6,0.3
ResidentialCommonReceptacleSat,Fraction,0.1,0.1,0.1,0.1,0.1,0.3,0.45,0.45,0.45,0.45,0.3,0.3,0.3,0.3,0.3,0.3,0.3,0.3,0.6,0.8,0.9,0.8,0.6,0.3
ResidentialCommonReceptacleSun,Fraction,0.1,0.1,0.1,0.1,0.1,0.3,0.45,0.45,0.45,0.45,0.3,0.3,0.3,0.3,0.3,0.3,0.3,0.3,0.6,0.8,0.9,0.8,0.6,0.3
ResidentialCommonHVACAvailWD,OnOff,1,1,1,1,1,1,1,1,1,1,1,1,1,1,1,1,1,1,1,1,1,1,1,1
ResidentialCommonHVACAvailSat,OnOff,1,1,1,1,1,1,1,1,1,1,1,1,1,1,1,1,1,1,1,1,1,1,1,1
ResidentialCommonHVACAvailSun,OnOff,1,1,1,1,1,1,1,1,1,1,1,1,1,1,1,1,1,1,1,1,1,1,1,1
ResidentialCommonServiceHotWaterWD,Fraction,0,0,0,0.05,0.05,0.05,0.8,0.7,0.5,0.4,0.25,0.25,0.25,0.25,0.5,0.6,0.7,0.7,0.4,0.25,0.2,0.2,0.05,0.05
ResidentialCommonServiceHotWaterSat,Fraction,0,0,0,0.05,0.05,0.05,0.8,0.7,0.5,0.4,0.25,0.25,0.25,0.25,0.5,0.6,0.7,0.7,0.4,0.25,0.2,0.2,0.05,0.05
ResidentialCommonServiceHotWaterSun,Fraction,0,0,0,0.05,0.05,0.05,0.8,0.7,0.5,0.4,0.25,0.25,0.25,0.25,0.5,0.6,0.7,0.7,0.4,0.25,0.2,0.2,0.05,0.05
ResidentialCommonGasEquipWD,Fraction,0,0,0,0,0,0.5,0.5,0.1,0.1,0.1,0.1,0.5,0.5,0.1,0.1,0.1,0.5,0.5,0.5,0.1,0,0,0,0
ResidentialCommonGasEquipSat,Fraction,0,0,0,0,0,0.5,0.5,0.1,0.1,0.1,0.1,0.5,0.5,0.1,0.1,0.1,0.5,0.5,0.5,0.1,0,0,0,0
ResidentialCommonGasEquipSun,Fraction,0,0,0,0,0,0.5,0.5,0.1,0.1,0.1,0.1,0.5,0.5,0.1,0.1,0.1,0.5,0.5,0.5,0.1,0,0,0,0
ResidentialCommonHtgSetptWD,Temperature,68,68,68,68,68,68,68,68,68,68,68,68,68,68,68,68,68,68,68,68,68,68,68,68
ResidentialCommonHtgSetptSat,Temperature,68,68,68,68,68,68,68,68,68,68,68,68,68,68,68,68,68,68,68,68,68,68,68,68
ResidentialCommonHtgSetptSun,Temperature,68,68,68,68,68,68,68,68,68,68,68,68,68,68,68,68,68,68,68,68,68,68,68,68
ResidentialCommonClgSetptWD,Temperature,78,78,78,78,78,78,78,78,78,78,78,78,78,78,78,78,78,78,78,78,78,78,78,78
ResidentialCommonClgSetptSat,Temperature,78,78,78,78,78,78,78,78,78,78,78,78,78,78,78,78,78,78,78,78,78,78,78,78
ResidentialCommonClgSetptSun,Temperature,78,78,78,78,78,78,78,78,78,78,78,78,78,78,78,78,78,78,78,78,78,78,78,78
ResidentialCommonInfiltrationWD,Fraction,0.25,0.25,0.25,0.25,0.25,0.25,0.25,0.25,0.25,0.25,0.25,0.25,0.25,0.25,0.25,0.25,0.25,0.25,0.25,0.25,0.25,0.25,0.25,0.25
ResidentialCommonInfiltrationSat,Fraction,0.25,0.25,0.25,0.25,0.25,0.25,0.25,0.25,0.25,0.25,0.25,0.25,0.25,0.25,0.25,0.25,0.25,0.25,0.25,0.25,0.25,0.25,0.25,0.25
ResidentialCommonInfiltrationSun,Fraction,0.25,0.25,0.25,0.25,0.25,0.25,0.25,0.25,0.25,0.25,0.25,0.25,0.25,0.25,0.25,0.25,0.25,0.25,0.25,0.25,0.25,0.25,0.25,0.25
ResidentialCommonWtrHtrSetptWD,Temperature,130,130,130,130,130,130,130,130,130,130,130,130,130,130,130,130,130,130,130,130,130,130,130,130
ResidentialCommonWtrHtrSetptSat,Temperature,130,130,130,130,130,130,130,130,130,130,130,130,130,130,130,130,130,130,130,130,130,130,130,130
ResidentialCommonWtrHtrSetptSun,Temperature,130,130,130,130,130,130,130,130,130,130,130,130,130,130,130,130,130,130,130,130,130,130,130,130
ResidentialCommonElevatorWD,Fraction,0,0,0,0,0,0,0,0.35,0.69,0.43,0.37,0.43,0.58,0.48,0.37,0.37,0.46,0.62,0.2,0.12,0.04,0.04,0,0
ResidentialCommonElevatorSat,Fraction,0,0,0,0,0,0,0,0.35,0.69,0.43,0.37,0.43,0.58,0.48,0.37,0.37,0.46,0.62,0.2,0.12,0.04,0.04,0,0
ResidentialCommonElevatorSun,Fraction,0,0,0,0,0,0,0,0.35,0.69,0.43,0.37,0.43,0.58,0.48,0.37,0.37,0.46,0.62,0.2,0.12,0.04,0.04,0,0
ResidentialCommonEscalatorWD,Fraction,1,1,1,1,1,1,1,1,1,1,1,1,1,1,1,1,1,1,1,1,1,1,1,1
ResidentialCommonEscalatorSat,Fraction,1,1,1,1,1,1,1,1,1,1,1,1,1,1,1,1,1,1,1,1,1,1,1,1
ResidentialCommonEscalatorSun,Fraction,1,1,1,1,1,1,1,1,1,1,1,1,1,1,1,1,1,1,1,1,1,1,1,1
ResidentialCommonRefrigerationWD,Fraction,0.9,0.9,0.9,0.9,0.9,0.9,0.9,0.9,0.9,0.9,0.9,0.9,0.9,0.9,0.9,0.9,0.9,0.9,0.9,0.9,0.9,0.9,0.9,0.9
ResidentialCommonRefrigerationSat,Fraction,0.9,0.9,0.9,0.9,0.9,0.9,0.9,0.9,0.9,0.9,0.9,0.9,0.9,0.9,0.9,0.9,0.9,0.9,0.9,0.9,0.9,0.9,0.9,0.9
ResidentialCommonRefrigerationSun,Fraction,0.9,0.9,0.9,0.9,0.9,0.9,0.9,0.9,0.9,0.9,0.9,0.9,0.9,0.9,0.9,0.9,0.9,0.9,0.9,0.9,0.9,0.9,0.9,0.9
ResidentialLivingOccupancyWD,Fraction,0.9,0.9,0.9,0.9,0.9,0.9,0.7,0.4,0.4,0.2,0.2,0.2,0.2,0.2,0.2,0.3,0.5,0.5,0.5,0.7,0.7,0.8,0.9,0.9
ResidentialLivingOccupancySat,Fraction,0.9,0.9,0.9,0.9,0.9,0.9,0.7,0.4,0.4,0.2,0.2,0.2,0.2,0.2,0.2,0.3,0.5,0.5,0.5,0.7,0.7,0.8,0.9,0.9
ResidentialLivingOccupancySun,Fraction,0.9,0.9,0.9,0.9,0.9,0.9,0.7,0.4,0.4,0.2,0.2,0.2,0.2,0.2,0.2,0.3,0.5,0.5,0.5,0.7,0.7,0.8,0.9,0.9
ResidentialLivingLightsWD,Fraction,0.1,0.1,0.1,0.1,0.1,0.3,0.45,0.45,0.45,0.45,0.3,0.3,0.3,0.3,0.3,0.3,0.3,0.3,0.6,0.8,0.9,0.8,0.6,0.3
ResidentialLivingLightsSat,Fraction,0.1,0.1,0.1,0.1,0.1,0.3,0.45,0.45,0.45,0.45,0.3,0.3,0.3,0.3,0.3,0.3,0.3,0.3,0.6,0.8,0.9,0.8,0.6,0.3
ResidentialLivingLightsSun,Fraction,0.1,0.1,0.1,0.1,0.1,0.3,0.45,0.45,0.45,0.45,0.3,0.3,0.3,0.3,0.3,0.3,0.3,0.3,0.6,0.8,0.9,0.8,0.6,0.3
ResidentialLivingReceptacleWD,Fraction,0.1,0.1,0.1,0.1,0.1,0.3,0.45,0.45,0.45,0.45,0.3,0.3,0.3,0.3,0.3,0.3,0.3,0.3,0.6,0.8,0.9,0.8,0.6,0.3
ResidentialLivingReceptacleSat,Fraction,0.1,0.1,0.1,0.1,0.1,0.3,0.45,0.45,0.45,0.45,0.3,0.3,0.3,0.3,0.3,0.3,0.3,0.3,0.6,0.8,0.9,0.8,0.6,0.3
ResidentialLivingReceptacleSun,Fraction,0.1,0.1,0.1,0.1,0.1,0.3,0.45,0.45,0.45,0.45,0.3,0.3,0.3,0.3,0.3,0.3,0.3,0.3,0.6,0.8,0.9,0.8,0.6,0.3
ResidentialLivingHVACAvailWD,OnOff,1,1,1,1,1,1,1,1,1,1,1,1,1,1,1,1,1,1,1,1,1,1,1,1
ResidentialLivingHVACAvailSat,OnOff,1,1,1,1,1,1,1,1,1,1,1,1,1,1,1,1,1,1,1,1,1,1,1,1
ResidentialLivingHVACAvailSun,OnOff,1,1,1,1,1,1,1,1,1,1,1,1,1,1,1,1,1,1,1,1,1,1,1,1
ResidentialLivingServiceHotWaterWD,Fraction,0.014,0.008,0.009,0.011,0.02,0.044,0.089,0.107,0.089,0.066,0.052,0.038,0.036,0.033,0.032,0.026,0.042,0.048,0.052,0.047,0.042,0.039,0.036,0.022
ResidentialLivingServiceHotWaterSat,Fraction,0.018,0.01,0.009,0.008,0.015,0.023,0.026,0.047,0.077,0.083,0.074,0.061,0.051,0.043,0.039,0.039,0.052,0.058,0.056,0.052,0.047,0.044,0.04,0.028
ResidentialLivingServiceHotWaterSun,Fraction,0.018,0.01,0.009,0.008,0.015,0.023,0.026,0.047,0.077,0.083,0.074,0.061,0.051,0.043,0.039,0.039,0.052,0.058,0.056,0.052,0.047,0.044,0.04,0.028
ResidentialLivingGasEquipWD,Fraction,0,0,0,0,0,0,0.5,0.5,0,0,0,0.2,0.2,0,0,0,0.5,0.5,0.5,0,0,0,0,0
ResidentialLivingGasEquipSat,Fraction,0,0,0,0,0,0,0.5,0.5,0,0,0,0.2,0.2,0,0,0,0.5,0.5,0.5,0,0,0,0,0
ResidentialLivingGasEquipSun,Fraction,0,0,0,0,0,0,0.5,0.5,0,0,0,0.2,0.2,0,0,0,0.5,0.5,0.5,0,0,0,0,0
ResidentialLivingHtgSetptWD,Temperature,60,60,60,60,60,60,68,68,68,68,68,68,68,68,68,68,68,68,68,68,68,68,60,60
ResidentialLivingHtgSetptSat,Temperature,60,60,60,60,60,60,68,68,68,68,68,68,68,68,68,68,68,68,68,68,68,68,60,60
ResidentialLivingHtgSetptSun,Temperature,60,60,60,60,60,60,68,68,68,68,68,68,68,68,68,68,68,68,68,68,68,68,60,60
ResidentialLivingClgSetptWD,Temperature,78,78,78,78,78,78,78,78,78,78,78,78,78,78,78,78,78,78,78,78,78,78,78,78
ResidentialLivingClgSetptSat,Temperature,78,78,78,78,78,78,78,78,78,78,78,78,78,78,78,78,78,78,78,78,78,78,78,78
ResidentialLivingClgSetptSun,Temperature,78,78,78,78,78,78,78,78,78,78,78,78,78,78,78,78,78,78,78,78,78,78,78,78
ResidentialLivingInfiltrationWD,Fraction,0.25,0.25,0.25,0.25,0.25,0.25,0.25,0.25,0.25,0.25,0.25,0.25,0.25,0.25,0.25,0.25,0.25,0.25,0.25,0.25,0.25,0.25,0.25,0.25
ResidentialLivingInfiltrationSat,Fraction,0.25,0.25,0.25,0.25,0.25,0.25,0.25,0.25,0.25,0.25,0.25,0.25,0.25,0.25,0.25,0.25,0.25,0.25,0.25,0.25,0.25,0.25,0.25,0.25
ResidentialLivingInfiltrationSun,Fraction,0.25,0.25,0.25,0.25,0.25,0.25,0.25,0.25,0.25,0.25,0.25,0.25,0.25,0.25,0.25,0.25,0.25,0.25,0.25,0.25,0.25,0.25,0.25,0.25
ResidentialLivingWtrHtrSetptWD,Temperature,130,130,130,130,130,130,130,130,130,130,130,130,130,130,130,130,130,130,130,130,130,130,130,130
ResidentialLivingWtrHtrSetptSat,Temperature,130,130,130,130,130,130,130,130,130,130,130,130,130,130,130,130,130,130,130,130,130,130,130,130
ResidentialLivingWtrHtrSetptSun,Temperature,130,130,130,130,130,130,130,130,130,130,130,130,130,130,130,130,130,130,130,130,130,130,130,130
ResidentialLivingElevatorWD,Fraction,0,0,0,0,0,0,0,0.35,0.69,0.43,0.37,0.43,0.58,0.48,0.37,0.37,0.46,0.62,0.2,0.12,0.04,0.04,0,0
ResidentialLivingElevatorSat,Fraction,0,0,0,0,0,0,0,0.35,0.69,0.43,0.37,0.43,0.58,0.48,0.37,0.37,0.46,0.62,0.2,0.12,0.04,0.04,0,0
ResidentialLivingElevatorSun,Fraction,0,0,0,0,0,0,0,0.35,0.69,0.43,0.37,0.43,0.58,0.48,0.37,0.37,0.46,0.62,0.2,0.12,0.04,0.04,0,0
ResidentialLivingEscalatorWD,Fraction,1,1,1,1,1,1,1,1,1,1,1,1,1,1,1,1,1,1,1,1,1,1,1,1
ResidentialLivingEscalatorSat,Fraction,1,1,1,1,1,1,1,1,1,1,1,1,1,1,1,1,1,1,1,1,1,1,1,1
ResidentialLivingEscalatorSun,Fraction,1,1,1,1,1,1,1,1,1,1,1,1,1,1,1,1,1,1,1,1,1,1,1,1
ResidentialLivingRefrigerationWD,Fraction,0.9,0.9,0.9,0.9,0.9,0.9,0.9,0.9,0.9,0.9,0.9,0.9,0.9,0.9,0.9,0.9,0.9,0.9,0.9,0.9,0.9,0.9,0.9,0.9
ResidentialLivingRefrigerationSat,Fraction,0.9,0.9,0.9,0.9,0.9,0.9,0.9,0.9,0.9,0.9,0.9,0.9,0.9,0.9,0.9,0.9,0.9,0.9,0.9,0.9,0.9,0.9,0.9,0.9
ResidentialLivingRefrigerationSun,Fraction,0.9,0.9,0.9,0.9,0.9,0.9,0.9,0.9,0.9,0.9,0.9,0.9,0.9,0.9,0.9,0.9,0.9,0.9,0.9,0.9,0.9,0.9,0.9,0.9
RestaurantOccupancyWD,Fraction,0.15,0.15,0.05,0,0,0,0,0.05,0.05,0.05,0.2,0.5,0.8,0.7,0.4,0.2,0.25,0.5,0.8,0.8,0.8,0.5,0.35,0.2
RestaurantOccupancySat,Fraction,0.3,0.25,0.05,0,0,0,0,0,0,0.05,0.2,0.45,0.5,0.5,0.35,0.3,0.3,0.3,0.7,0.9,0.7,0.65,0.55,0.35
RestaurantOccupancySun,Fraction,0.2,0.2,0.05,0,0,0,0,0,0,0,0.1,0.2,0.25,0.25,0.15,0.2,0.25,0.35,0.55,0.65,0.7,0.35,0.2,0.2
RestaurantLightsWD,Fraction,0.15,0.15,0.15,0.15,0.15,0.2,0.35,0.35,0.55,0.55,0.85,0.85,0.85,0.85,0.85,0.85,0.85,0.85,0.85,0.85,0.85,0.85,0.45,0.3
RestaurantLightsSat,Fraction,0.2,0.15,0.15,0.15,0.15,0.15,0.3,0.3,0.55,0.55,0.75,0.75,0.75,0.75,0.75,0.75,0.75,0.85,0.85,0.85,0.85,0.85,0.45,0.3
RestaurantLightsSun,Fraction,0.2,0.15,0.15,0.15,0.15,0.15,0.3,0.3,0.45,0.45,0.65,0.65,0.65,0.65,0.65,0.65,0.55,0.55,0.55,0.55,0.55,0.55,0.45,0.3
RestaurantReceptacleWD,Fraction,0.15,0.15,0.15,0.15,0.15,0.2,0.4,0.4,0.6,0.6,0.9,0.9,0.9,0.9,0.9,0.9,0.9,0.9,0.9,0.9,0.9,0.9,0.5,0.3
RestaurantReceptacleSat,Fraction,0.2,0.15,0.15,0.15,0.15,0.15,0.3,0.3,0.6,0.6,0.8,0.8,0.8,0.8,0.8,0.8,0.8,0.9,0.9,0.9,0.9,0.9,0.5,0.3
RestaurantReceptacleSun,Fraction,0.2,0.15,0.15,0.15,0.15,0.15,0.3,0.3,0.5,0.5,0.7,0.7,0.7,0.7,0.7,0.7,0.6,0.6,0.6,0.6,0.6,0.6,0.5,0.3
RestaurantHVACAvailWD,OnOff,1,1,1,0,0,0,1,1,1,1,1,1,1,1,1,1,1,1,1,1,1,1,1,1
RestaurantHVACAvailSat,OnOff,1,1,1,0,0,0,0,0,1,1,1,1,1,1,1,1,1,1,1,1,1,1,1,1
RestaurantHVACAvailSun,OnOff,1,1,1,0,0,0,0,0,0,1,1,1,1,1,1,1,1,1,1,1,1,1,1,1
RestaurantServiceHotWaterWD,Fraction,0.2,0.15,0.15,0,0,0,0,0.6,0.55,0.45,0.4,0.45,0.4,0.35,0.3,0.3,0.3,0.4,0.55,0.6,0.5,0.55,0.45,0.25
RestaurantServiceHotWaterSat,Fraction,0.2,0.15,0.15,0,0,0,0,0,0,0.5,0.45,0.5,0.5,0.45,0.4,0.4,0.35,0.4,0.55,0.55,0.5,0.55,0.4,0.3
RestaurantServiceHotWaterSun,Fraction,0.25,0.2,0.2,0,0,0,0,0,0,0,0.5,0.5,0.4,0.4,0.3,0.3,0.3,0.4,0.5,0.5,0.4,0.5,0.4,0.2
RestaurantElevatorWD,Fraction,0,0,0,0,0,0,0,0,0.12,0.22,0.64,0.74,0.68,0.68,0.71,0.72,0.72,0.73,0.68,0.68,0.58,0.54,0,0
RestaurantElevatorSat,Fraction,0,0,0,0,0,0,0,0,0.12,0.22,0.64,0.74,0.68,0.68,0.71,0.72,0.72,0.73,0.68,0.68,0.58,0.54,0,0
RestaurantElevatorSun,Fraction,0,0,0,0,0,0,0,0,0.12,0.22,0.64,0.74,0.68,0.68,0.71,0.72,0.72,0.73,0.68,0.68,0.58,0.54,0,0
RestaurantExhaustHoodEqualOrLessThan5000cfmWD,Fraction,0,0,0,0,0,0,1,1,1,1,1,1,1,1,1,1,1,1,1,0,0,0,0,0
RestaurantExhaustHoodEqualOrLessThan5000cfmSat,Fraction,0,0,0,0,0,0,0,0,1,1,1,1,1,1,1,1,1,1,1,0,0,0,0,0
RestaurantExhaustHoodEqualOrLessThan5000cfmSun,Fraction,0,0,0,0,0,0,0,0,0,1,1,1,1,1,1,1,1,1,1,0,0,0,0,0
RestaurantExhaustHoodGreaterThan5000cfmWD,Fraction,0,0,0,0,0,0,0.5,0.5,0.5,1,0.5,1,0.5,1,0.5,1,0.5,1,0.5,0,0,0,0,0
RestaurantExhaustHoodGreaterThan5000cfmSat,Fraction,0,0,0,0,0,0,0,0,0.5,1,0.5,1,0.5,1,0.5,1,0.5,1,0.5,0,0,0,0,0
RestaurantExhaustHoodGreaterThan5000cfmSun,Fraction,0,0,0,0,0,0,0,0,0,1,0.5,1,0.5,1,0.5,1,0.5,1,0.5,0,0,0,0,0
RestaurantRefrigerationWD,Fraction,0.9,0.9,0.9,0.9,0.9,0.9,0.9,0.9,0.9,0.9,0.9,0.9,0.9,0.9,0.9,0.9,0.9,0.9,0.9,0.9,0.9,0.9,0.9,0.9
RestaurantRefrigerationSat,Fraction,0.9,0.9,0.9,0.9,0.9,0.9,0.9,0.9,0.9,0.9,0.9,0.9,0.9,0.9,0.9,0.9,0.9,0.9,0.9,0.9,0.9,0.9,0.9,0.9
RestaurantRefrigerationSun,Fraction,0.9,0.9,0.9,0.9,0.9,0.9,0.9,0.9,0.9,0.9,0.9,0.9,0.9,0.9,0.9,0.9,0.9,0.9,0.9,0.9,0.9,0.9,0.9,0.9
RestaurantGasEquipWD,Fraction,0.5,0,0,0,0,0,0,0.5,0.5,0.5,0.9,0.9,0.9,0.9,0.75,0.75,0.75,0.9,0.9,0.9,0.9,0.75,0.5,0.5
RestaurantGasEquipSat,Fraction,0.5,0,0,0,0,0,0,0,0.5,0.5,0.9,0.9,0.9,0.9,0.75,0.75,0.75,0.9,0.9,0.9,0.9,0.75,0.75,0.5
RestaurantGasEquipSun,Fraction,0.5,0,0,0,0,0,0,0,0,0.5,0.9,0.9,0.9,0.9,0.75,0.75,0.75,0.9,0.9,0.9,0.9,0.75,0.5,0.5
RestaurantHtgSetptWD,Temperature,70,70,70,60,60,60,70,70,70,70,70,70,70,70,70,70,70,70,70,70,70,70,70,70
RestaurantHtgSetptSat,Temperature,70,70,70,60,60,60,60,60,70,70,70,70,70,70,70,70,70,70,70,70,70,70,70,70
RestaurantHtgSetptSun,Temperature,70,70,70,60,60,60,60,60,60,70,70,70,70,70,70,70,70,70,70,70,70,70,70,70
RestaurantClgSetptWD,Temperature,75,75,75,85,85,85,75,75,75,75,75,75,75,75,75,75,75,75,75,75,75,75,75,75
RestaurantClgSetptSat,Temperature,75,75,75,85,85,85,85,85,75,75,75,75,75,75,75,75,75,75,75,75,75,75,75,75
RestaurantClgSetptSun,Temperature,75,75,75,85,85,85,85,85,85,75,75,75,75,75,75,75,75,75,75,75,75,75,75,75
RestaurantInfiltrationWD,Fraction,0.25,0.25,0.25,1,1,1,0.25,0.25,0.25,0.25,0.25,0.25,0.25,0.25,0.25,0.25,0.25,0.25,0.25,0.25,0.25,0.25,0.25,0.25
RestaurantInfiltrationSat,Fraction,0.25,0.25,0.25,1,1,1,1,1,0.25,0.25,0.25,0.25,0.25,0.25,0.25,0.25,0.25,0.25,0.25,0.25,0.25,0.25,0.25,0.25
RestaurantInfiltrationSun,Fraction,0.25,0.25,0.25,1,1,1,1,1,1,0.25,0.25,0.25,0.25,0.25,0.25,0.25,0.25,0.25,0.25,0.25,0.25,0.25,0.25,0.25
RestaurantWtrHtrSetptWD,Temperature,135,135,135,135,135,135,135,135,135,135,135,135,135,135,135,135,135,135,135,135,135,135,135,135
RestaurantWtrHtrSetptSat,Temperature,135,135,135,135,135,135,135,135,135,135,135,135,135,135,135,135,135,135,135,135,135,135,135,135
RestaurantWtrHtrSetptSun,Temperature,135,135,135,135,135,135,135,135,135,135,135,135,135,135,135,135,135,135,135,135,135,135,135,135
RestaurantEscalatorWD,Fraction,1,1,1,0,0,0,1,1,1,1,1,1,1,1,1,1,1,1,1,1,1,1,1,1
RestaurantEscalatorSat,Fraction,1,1,1,0,0,0,0,0,1,1,1,1,1,1,1,1,1,1,1,1,1,1,1,1
RestaurantEscalatorSun,Fraction,1,1,1,0,0,0,0,0,0,1,1,1,1,1,1,1,1,1,1,1,1,1,1,1
RetailOccupancyWD,Fraction,0,0,0,0,0,0,0,0.1,0.2,0.5,0.5,0.7,0.7,0.7,0.7,0.8,0.7,0.5,0.5,0.3,0.3,0,0,0
RetailOccupancySat,Fraction,0,0,0,0,0,0,0,0.1,0.2,0.5,0.6,0.8,0.8,0.8,0.8,0.8,0.8,0.6,0.2,0.2,0.2,0.1,0,0
RetailOccupancySun,Fraction,0,0,0,0,0,0,0,0,0,0.1,0.2,0.2,0.4,0.4,0.4,0.4,0.4,0.2,0.1,0,0,0,0,0
RetailLightsWD,Fraction,0.05,0.05,0.05,0.05,0.05,0.05,0.05,0.2,0.5,0.85,0.85,0.85,0.85,0.85,0.85,0.85,0.85,0.85,0.55,0.55,0.5,0.2,0.05,0.05
RetailLightsSat,Fraction,0.05,0.05,0.05,0.05,0.05,0.05,0.05,0.1,0.3,0.55,0.85,0.85,0.85,0.85,0.85,0.85,0.85,0.85,0.5,0.3,0.3,0.1,0.05,0.05
RetailLightsSun,Fraction,0.05,0.05,0.05,0.05,0.05,0.05,0.05,0.05,0.1,0.1,0.4,0.4,0.55,0.55,0.55,0.55,0.55,0.4,0.2,0.05,0.05,0.05,0.05,0.05
RetailReceptacleWD,Fraction,0.05,0.05,0.05,0.05,0.05,0.05,0.05,0.2,0.5,0.9,0.9,0.9,0.9,0.9,0.9,0.9,0.9,0.9,0.6,0.6,0.5,0.2,0.05,0.05
RetailReceptacleSat,Fraction,0.05,0.05,0.05,0.05,0.05,0.05,0.05,0.1,0.3,0.6,0.9,0.9,0.9,0.9,0.9,0.9,0.9,0.9,0.5,0.3,0.3,0.1,0.05,0.05
RetailReceptacleSun,Fraction,0.05,0.05,0.05,0.05,0.05,0.05,0.05,0.05,0.1,0.1,0.4,0.4,0.6,0.6,0.6,0.6,0.6,0.4,0.2,0.05,0.05,0.05,0.05,0.05
RetailHVACAvailWD,OnOff,0,0,0,0,0,0,1,1,1,1,1,1,1,1,1,1,1,1,1,1,1,0,0,0
RetailHVACAvailSat,OnOff,0,0,0,0,0,0,1,1,1,1,1,1,1,1,1,1,1,1,1,1,1,1,0,0
RetailHVACAvailSun,OnOff,0,0,0,0,0,0,0,0,1,1,1,1,1,1,1,1,1,1,1,0,0,0,0,0
RetailServiceHotWaterWD,Fraction,0.04,0.05,0.05,0.04,0.04,0.04,0.04,0.15,0.23,0.32,0.41,0.57,0.62,0.61,0.5,0.45,0.46,0.47,0.42,0.34,0.33,0.23,0.13,0.08
RetailServiceHotWaterSat,Fraction,0.11,0.1,0.08,0.06,0.06,0.06,0.07,0.2,0.24,0.27,0.42,0.54,0.59,0.6,0.49,0.48,0.47,0.46,0.44,0.36,0.29,0.22,0.16,0.13
RetailServiceHotWaterSun,Fraction,0.07,0.07,0.07,0.06,0.06,0.06,0.07,0.1,0.12,0.14,0.29,0.31,0.36,0.36,0.34,0.35,0.37,0.34,0.25,0.27,0.21,0.16,0.1,0.06
RetailElevatorWD,Fraction,0,0,0,0,0,0,0,0.12,0.22,0.64,0.74,0.68,0.68,0.71,0.72,0.72,0.73,0.68,0.68,0.58,0.54,0,0,0
RetailElevatorSat,Fraction,0,0,0,0,0,0,0,0.09,0.21,0.56,0.66,0.68,0.68,0.69,0.7,0.69,0.66,0.58,0.47,0.43,0.43,0.08,0,0
RetailElevatorSun,Fraction,0,0,0,0,0,0,0,0,0,0.11,0.13,0.35,0.37,0.37,0.39,0.41,0.38,0.34,0.03,0,0,0,0,0
RetailRefrigerationWD,Fraction,0.9,0.9,0.9,0.9,0.9,0.9,0.9,0.9,0.9,0.9,0.9,0.9,0.9,0.9,0.9,0.9,0.9,0.9,0.9,0.9,0.9,0.9,0.9,0.9
RetailRefrigerationSat,Fraction,0.9,0.9,0.9,0.9,0.9,0.9,0.9,0.9,0.9,0.9,0.9,0.9,0.9,0.9,0.9,0.9,0.9,0.9,0.9,0.9,0.9,0.9,0.9,0.9
RetailRefrigerationSun,Fraction,0.9,0.9,0.9,0.9,0.9,0.9,0.9,0.9,0.9,0.9,0.9,0.9,0.9,0.9,0.9,0.9,0.9,0.9,0.9,0.9,0.9,0.9,0.9,0.9
RetailGasEquipWD,Fraction,0,0,0,0,0,0,0,0.5,0.5,0.75,0.9,0.9,0.9,0.75,0.75,0.9,0.9,0.9,0.75,0.5,0.5,0,0,0
RetailGasEquipSat,Fraction,0,0,0,0,0,0,0,0.5,0.5,0.75,0.9,0.9,0.9,0.75,0.75,0.9,0.9,0.9,0.75,0.5,0.5,0,0,0
RetailGasEquipSun,Fraction,0,0,0,0,0,0,0,0.5,0.5,0.75,0.9,0.9,0.9,0.75,0.75,0.9,0.9,0.9,0.75,0.5,0.5,0,0,0
RetailHtgSetptWD,Temperature,60,60,60,60,60,60,70,70,70,70,70,70,70,70,70,70,70,70,70,70,70,60,60,60
RetailHtgSetptSat,Temperature,60,60,60,60,60,60,70,70,70,70,70,70,70,70,70,70,70,70,70,70,70,70,60,60
RetailHtgSetptSun,Temperature,60,60,60,60,60,60,60,60,70,70,70,70,70,70,70,70,70,70,70,60,60,60,60,60
RetailClgSetptWD,Temperature,85,85,85,85,85,85,75,75,75,75,75,75,75,75,75,75,75,75,75,75,75,85,85,85
RetailClgSetptSat,Temperature,85,85,85,85,85,85,75,75,75,75,75,75,75,75,75,75,75,75,75,75,75,75,85,85
RetailClgSetptSun,Temperature,85,85,85,85,85,85,85,85,75,75,75,75,75,75,75,75,75,75,75,85,85,85,85,85
RetailInfiltrationWD,Fraction,1,1,1,1,1,1,0.25,0.25,0.25,0.25,0.25,0.25,0.25,0.25,0.25,0.25,0.25,0.25,0.25,0.25,0.25,1,1,1
RetailInfiltrationSat,Fraction,1,1,1,1,1,1,0.25,0.25,0.25,0.25,0.25,0.25,0.25,0.25,0.25,0.25,0.25,0.25,0.25,0.25,0.25,0.25,1,1
RetailInfiltrationSun,Fraction,1,1,1,1,1,1,1,1,0.25,0.25,0.25,0.25,0.25,0.25,0.25,0.25,0.25,0.25,0.25,1,1,1,1,1
RetailEscalatorWD,Fraction,0,0,0,0,0,0,1,1,1,1,1,1,1,1,1,1,1,1,1,1,1,0,0,0
RetailEscalatorSat,Fraction,0,0,0,0,0,0,1,1,1,1,1,1,1,1,1,1,1,1,1,1,1,1,0,0
RetailEscalatorSun,Fraction,0,0,0,0,0,0,0,0,1,1,1,1,1,1,1,1,1,1,1,0,0,0,0,0
RetailWtrHtrSetptWD,Temperature,135,135,135,135,135,135,135,135,135,135,135,135,135,135,135,135,135,135,135,135,135,135,135,135
RetailWtrHtrSetptSat,Temperature,135,135,135,135,135,135,135,135,135,135,135,135,135,135,135,135,135,135,135,135,135,135,135,135
RetailWtrHtrSetptSun,Temperature,135,135,135,135,135,135,135,135,135,135,135,135,135,135,135,135,135,135,135,135,135,135,135,135
SchoolOccupancyWD,Fraction,0,0,0,0,0,0,0,0.05,0.75,0.9,0.9,0.8,0.8,0.8,0.8,0.45,0.15,0.05,0.15,0.2,0.2,0.1,0,0
SchoolOccupancySat,Fraction,0,0,0,0,0,0,0,0,0.1,0.1,0.1,0.1,0.1,0,0,0,0,0,0,0,0,0,0,0
SchoolOccupancySun,Fraction,0,0,0,0,0,0,0,0,0,0,0,0,0,0,0,0,0,0,0,0,0,0,0,0
SchoolLightsWD,Fraction,0.05,0.05,0.05,0.05,0.05,0.05,0.05,0.3,0.6,0.65,0.65,0.65,0.55,0.55,0.55,0.5,0.35,0.35,0.35,0.35,0.35,0.3,0.05,0.05
SchoolLightsSat,Fraction,0.05,0.05,0.05,0.05,0.05,0.05,0.05,0.05,0.15,0.15,0.15,0.15,0.15,0.05,0.05,0.05,0.05,0.05,0.05,0.05,0.05,0.05,0.05,0.05
SchoolLightsSun,Fraction,0.05,0.05,0.05,0.05,0.05,0.05,0.05,0.05,0.05,0.05,0.05,0.05,0.05,0.05,0.05,0.05,0.05,0.05,0.05,0.05,0.05,0.05,0.05,0.05
SchoolReceptacleWD,Fraction,0.05,0.05,0.05,0.05,0.05,0.05,0.05,0.3,0.85,0.95,0.95,0.95,0.8,0.8,0.8,0.7,0.5,0.5,0.35,0.35,0.35,0.3,0.05,0.05
SchoolReceptacleSat,Fraction,0.05,0.05,0.05,0.05,0.05,0.05,0.05,0.05,0.15,0.15,0.15,0.15,0.15,0.05,0.05,0.05,0.05,0.05,0.05,0.05,0.05,0.05,0.05,0.05
SchoolReceptacleSun,Fraction,0.05,0.05,0.05,0.05,0.05,0.05,0.05,0.05,0.05,0.05,0.05,0.05,0.05,0.05,0.05,0.05,0.05,0.05,0.05,0.05,0.05,0.05,0.05,0.05
SchoolHVACAvailWD,OnOff,0,0,0,0,0,0,1,1,1,1,1,1,1,1,1,1,1,1,1,1,1,1,0,0
SchoolHVACAvailSat,OnOff,0,0,0,0,0,0,0,1,1,1,1,1,1,0,0,0,0,0,0,0,0,0,0,0
SchoolHVACAvailSun,OnOff,0,0,0,0,0,0,0,0,0,0,0,0,0,0,0,0,0,0,0,0,0,0,0,0
SchoolServiceHotWaterWD,Fraction,0.05,0.05,0.05,0.05,0.05,0.05,0.05,0.1,0.34,0.6,0.63,0.72,0.79,0.83,0.61,0.65,0.1,0.1,0.19,0.25,0.22,0.22,0.12,0.09
SchoolServiceHotWaterSat,Fraction,0.03,0.03,0.03,0.03,0.03,0.03,0.03,0.03,0.03,0.05,0.05,0.05,0.05,0.03,0.03,0.03,0.03,0.03,0.03,0.03,0.03,0.03,0.03,0.03
SchoolServiceHotWaterSun,Fraction,0.03,0.03,0.03,0.03,0.03,0.03,0.03,0.03,0.05,0.05,0.05,0.05,0.05,0.05,0.03,0.03,0.03,0.03,0.03,0.03,0.03,0.03,0.03,0.03
SchoolElevatorWD,Fraction,0,0,0,0,0,0,0,0,0.3,0.3,0.3,0.3,0.3,0.3,0.3,0.15,0,0,0,0,0,0,0,0
SchoolElevatorSat,Fraction,0,0,0,0,0,0,0,0,0,0,0,0,0,0,0,0,0,0,0,0,0,0,0,0
SchoolElevatorSun,Fraction,0,0,0,0,0,0,0,0,0,0,0,0,0,0,0,0,0,0,0,0,0,0,0,0
SchoolRefrigerationWD,Fraction,0.9,0.9,0.9,0.9,0.9,0.9,0.9,0.9,0.9,0.9,0.9,0.9,0.9,0.9,0.9,0.9,0.9,0.9,0.9,0.9,0.9,0.9,0.9,0.9
SchoolRefrigerationSat,Fraction,0.9,0.9,0.9,0.9,0.9,0.9,0.9,0.9,0.9,0.9,0.9,0.9,0.9,0.9,0.9,0.9,0.9,0.9,0.9,0.9,0.9,0.9,0.9,0.9
SchoolRefrigerationSun,Fraction,0.9,0.9,0.9,0.9,0.9,0.9,0.9,0.9,0.9,0.9,0.9,0.9,0.9,0.9,0.9,0.9,0.9,0.9,0.9,0.9,0.9,0.9,0.9,0.9
SchoolGasEquipWD,Fraction,0,0,0,0,0,0,0,0.5,0.5,0.75,0.9,0.9,0.9,0,0,0,0,0,0,0,0,0,0,0
SchoolGasEquipSat,Fraction,0,0,0,0,0,0,0,0,0,0,0,0,0,0,0,0,0,0,0,0,0,0,0,0
SchoolGasEquipSun,Fraction,0,0,0,0,0,0,0,0,0,0,0,0,0,0,0,0,0,0,0,0,0,0,0,0
SchoolHtgSetptWD,Temperature,60,60,60,60,60,60,70,70,70,70,70,70,70,70,70,70,70,70,70,70,70,70,60,60
SchoolHtgSetptSat,Temperature,60,60,60,60,60,60,60,70,70,70,70,70,70,60,60,60,60,60,60,60,60,60,60,60
SchoolHtgSetptSun,Temperature,60,60,60,60,60,60,60,60,60,60,60,60,60,60,60,60,60,60,60,60,60,60,60,60
SchoolClgSetptWD,Temperature,85,85,85,85,85,85,75,75,75,75,75,75,75,75,75,75,75,75,75,75,75,75,85,85
SchoolClgSetptSat,Temperature,85,85,85,85,85,85,85,75,75,75,75,75,75,85,85,85,85,85,85,85,85,85,85,85
SchoolClgSetptSun,Temperature,85,85,85,85,85,85,85,85,85,85,85,85,85,85,85,85,85,85,85,85,85,85,85,85
SchoolInfiltrationWD,Fraction,1,1,1,1,1,1,0.25,0.25,0.25,0.25,0.25,0.25,0.25,0.25,0.25,0.25,0.25,0.25,0.25,0.25,0.25,0.25,1,1
SchoolInfiltrationSat,Fraction,1,1,1,1,1,1,1,0.25,0.25,0.25,0.25,0.25,0.25,1,1,1,1,1,1,1,1,1,1,1
SchoolInfiltrationSun,Fraction,1,1,1,1,1,1,1,1,1,1,1,1,1,1,1,1,1,1,1,1,1,1,1,1
SchoolWtrHtrSetptWD,Temperature,135,135,135,135,135,135,135,135,135,135,135,135,135,135,135,135,135,135,135,135,135,135,135,135
SchoolWtrHtrSetptSat,Temperature,135,135,135,135,135,135,135,135,135,135,135,135,135,135,135,135,135,135,135,135,135,135,135,135
SchoolWtrHtrSetptSun,Temperature,135,135,135,135,135,135,135,135,135,135,135,135,135,135,135,135,135,135,135,135,135,135,135,135
SchoolEscalatorWD,Fraction,0,0,0,0,0,0,1,1,1,1,1,1,1,1,1,1,1,1,1,1,1,1,0,0
SchoolEscalatorSat,Fraction,0,0,0,0,0,0,0,1,1,1,1,1,1,0,0,0,0,0,0,0,0,0,0,0
SchoolEscalatorSun,Fraction,0,0,0,0,0,0,0,0,0,0,0,0,0,0,0,0,0,0,0,0,0,0,0,0
WarehouseOccupancyWD,Fraction,0,0,0,0,0,0,0,0.15,0.7,0.9,0.9,0.9,0.5,0.85,0.85,0.85,0.2,0,0,0,0,0,0,0
WarehouseOccupancySat,Fraction,0,0,0,0,0,0,0,0,0.2,0.2,0.2,0.2,0.1,0.1,0.1,0.1,0,0,0,0,0,0,0,0
WarehouseOccupancySun,Fraction,0,0,0,0,0,0,0,0,0,0,0,0,0,0,0,0,0,0,0,0,0,0,0,0
WarehouseLightsWD,Fraction,0.05,0.05,0.05,0.05,0.05,0.05,0.05,0.25,0.45,0.55,0.55,0.55,0.55,0.55,0.55,0.55,0.55,0.3,0.05,0.05,0.05,0.05,0.05,0.05
WarehouseLightsSat,Fraction,0.05,0.05,0.05,0.05,0.05,0.05,0.05,0.05,0.08,0.24,0.24,0.24,0.05,0.05,0.05,0.05,0.05,0.05,0.05,0.05,0.05,0.05,0.05,0.05
WarehouseLightsSun,Fraction,0.05,0.05,0.05,0.05,0.05,0.05,0.05,0.05,0.05,0.05,0.05,0.05,0.05,0.05,0.05,0.05,0.05,0.05,0.05,0.05,0.05,0.05,0.05,0.05
WarehouseReceptacleWD,Fraction,0.05,0.05,0.05,0.05,0.05,0.05,0.05,0.4,0.7,0.9,0.9,0.9,0.9,0.9,0.9,0.9,0.9,0.3,0.05,0.05,0.05,0.05,0.05,0.05
WarehouseReceptacleSat,Fraction,0.05,0.05,0.05,0.05,0.05,0.05,0.05,0.05,0.08,0.24,0.24,0.24,0.05,0.05,0.05,0.05,0.05,0.05,0.05,0.05,0.05,0.05,0.05,0.05
WarehouseReceptacleSun,Fraction,0.05,0.05,0.05,0.05,0.05,0.05,0.05,0.05,0.05,0.05,0.05,0.05,0.05,0.05,0.05,0.05,0.05,0.05,0.05,0.05,0.05,0.05,0.05,0.05
WarehouseHVACAvailWD,OnOff,0,0,0,0,0,0,1,1,1,1,1,1,1,1,1,1,1,0,0,0,0,0,0,0
WarehouseHVACAvailSat,OnOff,0,0,0,0,0,0,0,1,1,1,1,1,1,1,1,1,0,0,0,0,0,0,0,0
WarehouseHVACAvailSun,OnOff,0,0,0,0,0,0,0,0,0,0,0,0,0,0,0,0,0,0,0,0,0,0,0,0
WarehouseServiceHotWaterWD,Fraction,0.02,0.02,0.02,0.02,0.05,0.07,0.07,0.1,0.3,0.36,0.36,0.46,0.57,0.43,0.38,0.4,0.3,0.18,0.03,0.03,0.03,0.03,0.03,0.03
WarehouseServiceHotWaterSat,Fraction,0.02,0.02,0.02,0.02,0.02,0.02,0.02,0.02,0.06,0.12,0.12,0.17,0.04,0.04,0.02,0.02,0.02,0.02,0.02,0.02,0.02,0.02,0.02,0.02
WarehouseServiceHotWaterSun,Fraction,0.02,0.02,0.02,0.02,0.02,0.02,0.02,0.02,0.02,0.02,0.02,0.02,0.04,0.04,0.02,0.02,0.02,0.02,0.02,0.02,0.02,0.02,0.02,0.02
WarehouseElevatorWD,Fraction,0,0,0,0,0,0,0,0,0,0,0.3,0,0,0,0,0.4,0,0,0,0,0,0,0,0
WarehouseElevatorSat,Fraction,0,0,0,0,0,0,0,0,0,0,0,0,0,0,0,0,0,0,0,0,0,0,0,0
WarehouseElevatorSun,Fraction,0,0,0,0,0,0,0,0,0,0,0,0,0,0,0,0,0,0,0,0,0,0,0,0
WarehouseRefrigerationWD,Fraction,0.9,0.9,0.9,0.9,0.9,0.9,0.9,0.9,0.9,0.9,0.9,0.9,0.9,0.9,0.9,0.9,0.9,0.9,0.9,0.9,0.9,0.9,0.9,0.9
WarehouseRefrigerationSat,Fraction,0.9,0.9,0.9,0.9,0.9,0.9,0.9,0.9,0.9,0.9,0.9,0.9,0.9,0.9,0.9,0.9,0.9,0.9,0.9,0.9,0.9,0.9,0.9,0.9
WarehouseRefrigerationSun,Fraction,0.9,0.9,0.9,0.9,0.9,0.9,0.9,0.9,0.9,0.9,0.9,0.9,0.9,0.9,0.9,0.9,0.9,0.9,0.9,0.9,0.9,0.9,0.9,0.9
WarehouseHtgSetptWD,Temperature,60,60,60,60,60,60,70,70,70,70,70,70,70,70,70,70,70,60,60,60,60,60,60,60
WarehouseHtgSetptSat,Temperature,60,60,60,60,60,60,60,70,70,70,70,70,70,70,70,70,60,60,60,60,60,60,60,60
WarehouseHtgSetptSun,Temperature,60,60,60,60,60,60,60,60,60,60,60,60,60,60,60,60,60,60,60,60,60,60,60,60
WarehouseClgSetptWD,Temperature,85,85,85,85,85,85,75,75,75,75,75,75,75,75,75,75,75,85,85,85,85,85,85,85
WarehouseClgSetptSat,Temperature,85,85,85,85,85,85,85,75,75,75,75,75,75,75,75,75,85,85,85,85,85,85,85,85
WarehouseClgSetptSun,Temperature,85,85,85,85,85,85,85,85,85,85,85,85,85,85,85,85,85,85,85,85,85,85,85,85
WarehouseInfiltrationWD,Fraction,1,1,1,1,1,1,0.25,0.25,0.25,0.25,0.25,0.25,0.25,0.25,0.25,0.25,0.25,1,1,1,1,1,1,1
WarehouseInfiltrationSat,Fraction,1,1,1,1,1,1,1,0.25,0.25,0.25,0.25,0.25,0.25,0.25,0.25,0.25,1,1,1,1,1,1,1,1
WarehouseInfiltrationSun,Fraction,1,1,1,1,1,1,1,1,1,1,1,1,1,1,1,1,1,1,1,1,1,1,1,1
WarehouseEscalatorWD,Fraction,0,0,0,0,0,0,1,1,1,1,1,1,1,1,1,1,1,0,0,0,0,0,0,0
WarehouseEscalatorSat,Fraction,0,0,0,0,0,0,0,1,1,1,1,1,1,1,1,1,0,0,0,0,0,0,0,0
WarehouseEscalatorSun,Fraction,0,0,0,0,0,0,0,0,0,0,0,0,0,0,0,0,0,0,0,0,0,0,0,0
WarehouseWtrHtrSetptWD,Temperature,135,135,135,135,135,135,135,135,135,135,135,135,135,135,135,135,135,135,135,135,135,135,135,135
WarehouseWtrHtrSetptSat,Temperature,135,135,135,135,135,135,135,135,135,135,135,135,135,135,135,135,135,135,135,135,135,135,135,135
WarehouseWtrHtrSetptSun,Temperature,135,135,135,135,135,135,135,135,135,135,135,135,135,135,135,135,135,135,135,135,135,135,135,135
WarehouseGasEquipWD,Fraction,0,0,0,0,0,0,0,0.5,0.5,0.5,0.9,0.9,0.9,0.9,0.75,0.75,0.75,0.75,0,0,0,0,0,0
WarehouseGasEquipSat,Fraction,0,0,0,0,0,0,0,0,0.5,0.5,0.9,0.9,0.9,0.9,0.75,0.75,0.75,0,0,0,0,0,0,0
WarehouseGasEquipSun,Fraction,0,0,0,0,0,0,0,0,0,0,0,0,0,0,0,0,0,0,0,0,0,0,0,0
WaterMainCZ01Jan,Temperature,48.2,48.2,48.2,48.2,48.2,48.2,48.2,48.2,48.2,48.2,48.2,48.2,48.2,48.2,48.2,48.2,48.2,48.2,48.2,48.2,48.2,48.2,48.2,48.2
WaterMainCZ01Feb,Temperature,48.7,48.7,48.7,48.7,48.7,48.7,48.7,48.7,48.7,48.7,48.7,48.7,48.7,48.7,48.7,48.7,48.7,48.7,48.7,48.7,48.7,48.7,48.7,48.7
WaterMainCZ01Mar,Temperature,47.9,47.9,47.9,47.9,47.9,47.9,47.9,47.9,47.9,47.9,47.9,47.9,47.9,47.9,47.9,47.9,47.9,47.9,47.9,47.9,47.9,47.9,47.9,47.9
WaterMainCZ01Apr,Temperature,48.6,48.6,48.6,48.6,48.6,48.6,48.6,48.6,48.6,48.6,48.6,48.6,48.6,48.6,48.6,48.6,48.6,48.6,48.6,48.6,48.6,48.6,48.6,48.6
WaterMainCZ01May,Temperature,48.1,48.1,48.1,48.1,48.1,48.1,48.1,48.1,48.1,48.1,48.1,48.1,48.1,48.1,48.1,48.1,48.1,48.1,48.1,48.1,48.1,48.1,48.1,48.1
WaterMainCZ01Jun,Temperature,49.9,49.9,49.9,49.9,49.9,49.9,49.9,49.9,49.9,49.9,49.9,49.9,49.9,49.9,49.9,49.9,49.9,49.9,49.9,49.9,49.9,49.9,49.9,49.9
WaterMainCZ01Jul,Temperature,50.7,50.7,50.7,50.7,50.7,50.7,50.7,50.7,50.7,50.7,50.7,50.7,50.7,50.7,50.7,50.7,50.7,50.7,50.7,50.7,50.7,50.7,50.7,50.7
WaterMainCZ01Aug,Temperature,51.4,51.4,51.4,51.4,51.4,51.4,51.4,51.4,51.4,51.4,51.4,51.4,51.4,51.4,51.4,51.4,51.4,51.4,51.4,51.4,51.4,51.4,51.4,51.4
WaterMainCZ01Sep,Temperature,51.5,51.5,51.5,51.5,51.5,51.5,51.5,51.5,51.5,51.5,51.5,51.5,51.5,51.5,51.5,51.5,51.5,51.5,51.5,51.5,51.5,51.5,51.5,51.5
WaterMainCZ01Oct,Temperature,50.7,50.7,50.7,50.7,50.7,50.7,50.7,50.7,50.7,50.7,50.7,50.7,50.7,50.7,50.7,50.7,50.7,50.7,50.7,50.7,50.7,50.7,50.7,50.7
WaterMainCZ01Nov,Temperature,49.9,49.9,49.9,49.9,49.9,49.9,49.9,49.9,49.9,49.9,49.9,49.9,49.9,49.9,49.9,49.9,49.9,49.9,49.9,49.9,49.9,49.9,49.9,49.9
WaterMainCZ01Dec,Temperature,48.5,48.5,48.5,48.5,48.5,48.5,48.5,48.5,48.5,48.5,48.5,48.5,48.5,48.5,48.5,48.5,48.5,48.5,48.5,48.5,48.5,48.5,48.5,48.5
WaterMainCZ02Jan,Temperature,50.9,50.9,50.9,50.9,50.9,50.9,50.9,50.9,50.9,50.9,50.9,50.9,50.9,50.9,50.9,50.9,50.9,50.9,50.9,50.9,50.9,50.9,50.9,50.9
WaterMainCZ02Feb,Temperature,50.8,50.8,50.8,50.8,50.8,50.8,50.8,50.8,50.8,50.8,50.8,50.8,50.8,50.8,50.8,50.8,50.8,50.8,50.8,50.8,50.8,50.8,50.8,50.8
WaterMainCZ02Mar,Temperature,51.5,51.5,51.5,51.5,51.5,51.5,51.5,51.5,51.5,51.5,51.5,51.5,51.5,51.5,51.5,51.5,51.5,51.5,51.5,51.5,51.5,51.5,51.5,51.5
WaterMainCZ02Apr,Temperature,52.8,52.8,52.8,52.8,52.8,52.8,52.8,52.8,52.8,52.8,52.8,52.8,52.8,52.8,52.8,52.8,52.8,52.8,52.8,52.8,52.8,52.8,52.8,52.8
WaterMainCZ02May,Temperature,52.7,52.7,52.7,52.7,52.7,52.7,52.7,52.7,52.7,52.7,52.7,52.7,52.7,52.7,52.7,52.7,52.7,52.7,52.7,52.7,52.7,52.7,52.7,52.7
WaterMainCZ02Jun,Temperature,55,55,55,55,55,55,55,55,55,55,55,55,55,55,55,55,55,55,55,55,55,55,55,55
WaterMainCZ02Jul,Temperature,57.5,57.5,57.5,57.5,57.5,57.5,57.5,57.5,57.5,57.5,57.5,57.5,57.5,57.5,57.5,57.5,57.5,57.5,57.5,57.5,57.5,57.5,57.5,57.5
WaterMainCZ02Aug,Temperature,57.1,57.1,57.1,57.1,57.1,57.1,57.1,57.1,57.1,57.1,57.1,57.1,57.1,57.1,57.1,57.1,57.1,57.1,57.1,57.1,57.1,57.1,57.1,57.1
WaterMainCZ02Sep,Temperature,57.3,57.3,57.3,57.3,57.3,57.3,57.3,57.3,57.3,57.3,57.3,57.3,57.3,57.3,57.3,57.3,57.3,57.3,57.3,57.3,57.3,57.3,57.3,57.3
WaterMainCZ02Oct,Temperature,56.6,56.6,56.6,56.6,56.6,56.6,56.6,56.6,56.6,56.6,56.6,56.6,56.6,56.6,56.6,56.6,56.6,56.6,56.6,56.6,56.6,56.6,56.6,56.6
WaterMainCZ02Nov,Temperature,54.8,54.8,54.8,54.8,54.8,54.8,54.8,54.8,54.8,54.8,54.8,54.8,54.8,54.8,54.8,54.8,54.8,54.8,54.8,54.8,54.8,54.8,54.8,54.8
WaterMainCZ02Dec,Temperature,52,52,52,52,52,52,52,52,52,52,52,52,52,52,52,52,52,52,52,52,52,52,52,52
WaterMainCZ03Jan,Temperature,52.4,52.4,52.4,52.4,52.4,52.4,52.4,52.4,52.4,52.4,52.4,52.4,52.4,52.4,52.4,52.4,52.4,52.4,52.4,52.4,52.4,52.4,52.4,52.4
WaterMainCZ03Feb,Temperature,52.2,52.2,52.2,52.2,52.2,52.2,52.2,52.2,52.2,52.2,52.2,52.2,52.2,52.2,52.2,52.2,52.2,52.2,52.2,52.2,52.2,52.2,52.2,52.2
WaterMainCZ03Mar,Temperature,53.1,53.1,53.1,53.1,53.1,53.1,53.1,53.1,53.1,53.1,53.1,53.1,53.1,53.1,53.1,53.1,53.1,53.1,53.1,53.1,53.1,53.1,53.1,53.1
WaterMainCZ03Apr,Temperature,53.7,53.7,53.7,53.7,53.7,53.7,53.7,53.7,53.7,53.7,53.7,53.7,53.7,53.7,53.7,53.7,53.7,53.7,53.7,53.7,53.7,53.7,53.7,53.7
WaterMainCZ03May,Temperature,53.5,53.5,53.5,53.5,53.5,53.5,53.5,53.5,53.5,53.5,53.5,53.5,53.5,53.5,53.5,53.5,53.5,53.5,53.5,53.5,53.5,53.5,53.5,53.5
WaterMainCZ03Jun,Temperature,55.5,55.5,55.5,55.5,55.5,55.5,55.5,55.5,55.5,55.5,55.5,55.5,55.5,55.5,55.5,55.5,55.5,55.5,55.5,55.5,55.5,55.5,55.5,55.5
WaterMainCZ03Jul,Temperature,56,56,56,56,56,56,56,56,56,56,56,56,56,56,56,56,56,56,56,56,56,56,56,56
WaterMainCZ03Aug,Temperature,56.7,56.7,56.7,56.7,56.7,56.7,56.7,56.7,56.7,56.7,56.7,56.7,56.7,56.7,56.7,56.7,56.7,56.7,56.7,56.7,56.7,56.7,56.7,56.7
WaterMainCZ03Sep,Temperature,56.6,56.6,56.6,56.6,56.6,56.6,56.6,56.6,56.6,56.6,56.6,56.6,56.6,56.6,56.6,56.6,56.6,56.6,56.6,56.6,56.6,56.6,56.6,56.6
WaterMainCZ03Oct,Temperature,57.1,57.1,57.1,57.1,57.1,57.1,57.1,57.1,57.1,57.1,57.1,57.1,57.1,57.1,57.1,57.1,57.1,57.1,57.1,57.1,57.1,57.1,57.1,57.1
WaterMainCZ03Nov,Temperature,55.5,55.5,55.5,55.5,55.5,55.5,55.5,55.5,55.5,55.5,55.5,55.5,55.5,55.5,55.5,55.5,55.5,55.5,55.5,55.5,55.5,55.5,55.5,55.5
WaterMainCZ03Dec,Temperature,53.5,53.5,53.5,53.5,53.5,53.5,53.5,53.5,53.5,53.5,53.5,53.5,53.5,53.5,53.5,53.5,53.5,53.5,53.5,53.5,53.5,53.5,53.5,53.5
WaterMainCZ04Jan,Temperature,52.7,52.7,52.7,52.7,52.7,52.7,52.7,52.7,52.7,52.7,52.7,52.7,52.7,52.7,52.7,52.7,52.7,52.7,52.7,52.7,52.7,52.7,52.7,52.7
WaterMainCZ04Feb,Temperature,52.9,52.9,52.9,52.9,52.9,52.9,52.9,52.9,52.9,52.9,52.9,52.9,52.9,52.9,52.9,52.9,52.9,52.9,52.9,52.9,52.9,52.9,52.9,52.9
WaterMainCZ04Mar,Temperature,53.4,53.4,53.4,53.4,53.4,53.4,53.4,53.4,53.4,53.4,53.4,53.4,53.4,53.4,53.4,53.4,53.4,53.4,53.4,53.4,53.4,53.4,53.4,53.4
WaterMainCZ04Apr,Temperature,54.6,54.6,54.6,54.6,54.6,54.6,54.6,54.6,54.6,54.6,54.6,54.6,54.6,54.6,54.6,54.6,54.6,54.6,54.6,54.6,54.6,54.6,54.6,54.6
WaterMainCZ04May,Temperature,54.5,54.5,54.5,54.5,54.5,54.5,54.5,54.5,54.5,54.5,54.5,54.5,54.5,54.5,54.5,54.5,54.5,54.5,54.5,54.5,54.5,54.5,54.5,54.5
WaterMainCZ04Jun,Temperature,57.7,57.7,57.7,57.7,57.7,57.7,57.7,57.7,57.7,57.7,57.7,57.7,57.7,57.7,57.7,57.7,57.7,57.7,57.7,57.7,57.7,57.7,57.7,57.7
WaterMainCZ04Jul,Temperature,58.4,58.4,58.4,58.4,58.4,58.4,58.4,58.4,58.4,58.4,58.4,58.4,58.4,58.4,58.4,58.4,58.4,58.4,58.4,58.4,58.4,58.4,58.4,58.4
WaterMainCZ04Aug,Temperature,59.3,59.3,59.3,59.3,59.3,59.3,59.3,59.3,59.3,59.3,59.3,59.3,59.3,59.3,59.3,59.3,59.3,59.3,59.3,59.3,59.3,59.3,59.3,59.3
WaterMainCZ04Sep,Temperature,59.3,59.3,59.3,59.3,59.3,59.3,59.3,59.3,59.3,59.3,59.3,59.3,59.3,59.3,59.3,59.3,59.3,59.3,59.3,59.3,59.3,59.3,59.3,59.3
WaterMainCZ04Oct,Temperature,59.9,59.9,59.9,59.9,59.9,59.9,59.9,59.9,59.9,59.9,59.9,59.9,59.9,59.9,59.9,59.9,59.9,59.9,59.9,59.9,59.9,59.9,59.9,59.9
WaterMainCZ04Nov,Temperature,57,57,57,57,57,57,57,57,57,57,57,57,57,57,57,57,57,57,57,57,57,57,57,57
WaterMainCZ04Dec,Temperature,53.8,53.8,53.8,53.8,53.8,53.8,53.8,53.8,53.8,53.8,53.8,53.8,53.8,53.8,53.8,53.8,53.8,53.8,53.8,53.8,53.8,53.8,53.8,53.8
WaterMainCZ05Jan,Temperature,52.1,52.1,52.1,52.1,52.1,52.1,52.1,52.1,52.1,52.1,52.1,52.1,52.1,52.1,52.1,52.1,52.1,52.1,52.1,52.1,52.1,52.1,52.1,52.1
WaterMainCZ05Feb,Temperature,51.6,51.6,51.6,51.6,51.6,51.6,51.6,51.6,51.6,51.6,51.6,51.6,51.6,51.6,51.6,51.6,51.6,51.6,51.6,51.6,51.6,51.6,51.6,51.6
WaterMainCZ05Mar,Temperature,52.6,52.6,52.6,52.6,52.6,52.6,52.6,52.6,52.6,52.6,52.6,52.6,52.6,52.6,52.6,52.6,52.6,52.6,52.6,52.6,52.6,52.6,52.6,52.6
WaterMainCZ05Apr,Temperature,52.9,52.9,52.9,52.9,52.9,52.9,52.9,52.9,52.9,52.9,52.9,52.9,52.9,52.9,52.9,52.9,52.9,52.9,52.9,52.9,52.9,52.9,52.9,52.9
WaterMainCZ05May,Temperature,52.5,52.5,52.5,52.5,52.5,52.5,52.5,52.5,52.5,52.5,52.5,52.5,52.5,52.5,52.5,52.5,52.5,52.5,52.5,52.5,52.5,52.5,52.5,52.5
WaterMainCZ05Jun,Temperature,54.5,54.5,54.5,54.5,54.5,54.5,54.5,54.5,54.5,54.5,54.5,54.5,54.5,54.5,54.5,54.5,54.5,54.5,54.5,54.5,54.5,54.5,54.5,54.5
WaterMainCZ05Jul,Temperature,54.8,54.8,54.8,54.8,54.8,54.8,54.8,54.8,54.8,54.8,54.8,54.8,54.8,54.8,54.8,54.8,54.8,54.8,54.8,54.8,54.8,54.8,54.8,54.8
WaterMainCZ05Aug,Temperature,55.7,55.7,55.7,55.7,55.7,55.7,55.7,55.7,55.7,55.7,55.7,55.7,55.7,55.7,55.7,55.7,55.7,55.7,55.7,55.7,55.7,55.7,55.7,55.7
WaterMainCZ05Sep,Temperature,55.3,55.3,55.3,55.3,55.3,55.3,55.3,55.3,55.3,55.3,55.3,55.3,55.3,55.3,55.3,55.3,55.3,55.3,55.3,55.3,55.3,55.3,55.3,55.3
WaterMainCZ05Oct,Temperature,55.4,55.4,55.4,55.4,55.4,55.4,55.4,55.4,55.4,55.4,55.4,55.4,55.4,55.4,55.4,55.4,55.4,55.4,55.4,55.4,55.4,55.4,55.4,55.4
WaterMainCZ05Nov,Temperature,54.8,54.8,54.8,54.8,54.8,54.8,54.8,54.8,54.8,54.8,54.8,54.8,54.8,54.8,54.8,54.8,54.8,54.8,54.8,54.8,54.8,54.8,54.8,54.8
WaterMainCZ05Dec,Temperature,52.7,52.7,52.7,52.7,52.7,52.7,52.7,52.7,52.7,52.7,52.7,52.7,52.7,52.7,52.7,52.7,52.7,52.7,52.7,52.7,52.7,52.7,52.7,52.7
WaterMainCZ06Jan,Temperature,56.8,56.8,56.8,56.8,56.8,56.8,56.8,56.8,56.8,56.8,56.8,56.8,56.8,56.8,56.8,56.8,56.8,56.8,56.8,56.8,56.8,56.8,56.8,56.8
WaterMainCZ06Feb,Temperature,56.8,56.8,56.8,56.8,56.8,56.8,56.8,56.8,56.8,56.8,56.8,56.8,56.8,56.8,56.8,56.8,56.8,56.8,56.8,56.8,56.8,56.8,56.8,56.8
WaterMainCZ06Mar,Temperature,57.6,57.6,57.6,57.6,57.6,57.6,57.6,57.6,57.6,57.6,57.6,57.6,57.6,57.6,57.6,57.6,57.6,57.6,57.6,57.6,57.6,57.6,57.6,57.6
WaterMainCZ06Apr,Temperature,57.5,57.5,57.5,57.5,57.5,57.5,57.5,57.5,57.5,57.5,57.5,57.5,57.5,57.5,57.5,57.5,57.5,57.5,57.5,57.5,57.5,57.5,57.5,57.5
WaterMainCZ06May,Temperature,57.6,57.6,57.6,57.6,57.6,57.6,57.6,57.6,57.6,57.6,57.6,57.6,57.6,57.6,57.6,57.6,57.6,57.6,57.6,57.6,57.6,57.6,57.6,57.6
WaterMainCZ06Jun,Temperature,59.5,59.5,59.5,59.5,59.5,59.5,59.5,59.5,59.5,59.5,59.5,59.5,59.5,59.5,59.5,59.5,59.5,59.5,59.5,59.5,59.5,59.5,59.5,59.5
WaterMainCZ06Jul,Temperature,61.1,61.1,61.1,61.1,61.1,61.1,61.1,61.1,61.1,61.1,61.1,61.1,61.1,61.1,61.1,61.1,61.1,61.1,61.1,61.1,61.1,61.1,61.1,61.1
WaterMainCZ06Aug,Temperature,62.1,62.1,62.1,62.1,62.1,62.1,62.1,62.1,62.1,62.1,62.1,62.1,62.1,62.1,62.1,62.1,62.1,62.1,62.1,62.1,62.1,62.1,62.1,62.1
WaterMainCZ06Sep,Temperature,61.5,61.5,61.5,61.5,61.5,61.5,61.5,61.5,61.5,61.5,61.5,61.5,61.5,61.5,61.5,61.5,61.5,61.5,61.5,61.5,61.5,61.5,61.5,61.5
WaterMainCZ06Oct,Temperature,61.8,61.8,61.8,61.8,61.8,61.8,61.8,61.8,61.8,61.8,61.8,61.8,61.8,61.8,61.8,61.8,61.8,61.8,61.8,61.8,61.8,61.8,61.8,61.8
WaterMainCZ06Nov,Temperature,60.3,60.3,60.3,60.3,60.3,60.3,60.3,60.3,60.3,60.3,60.3,60.3,60.3,60.3,60.3,60.3,60.3,60.3,60.3,60.3,60.3,60.3,60.3,60.3
WaterMainCZ06Dec,Temperature,57.5,57.5,57.5,57.5,57.5,57.5,57.5,57.5,57.5,57.5,57.5,57.5,57.5,57.5,57.5,57.5,57.5,57.5,57.5,57.5,57.5,57.5,57.5,57.5
WaterMainCZ07Jan,Temperature,58.8,58.8,58.8,58.8,58.8,58.8,58.8,58.8,58.8,58.8,58.8,58.8,58.8,58.8,58.8,58.8,58.8,58.8,58.8,58.8,58.8,58.8,58.8,58.8
WaterMainCZ07Feb,Temperature,58.4,58.4,58.4,58.4,58.4,58.4,58.4,58.4,58.4,58.4,58.4,58.4,58.4,58.4,58.4,58.4,58.4,58.4,58.4,58.4,58.4,58.4,58.4,58.4
WaterMainCZ07Mar,Temperature,59.3,59.3,59.3,59.3,59.3,59.3,59.3,59.3,59.3,59.3,59.3,59.3,59.3,59.3,59.3,59.3,59.3,59.3,59.3,59.3,59.3,59.3,59.3,59.3
WaterMainCZ07Apr,Temperature,58.9,58.9,58.9,58.9,58.9,58.9,58.9,58.9,58.9,58.9,58.9,58.9,58.9,58.9,58.9,58.9,58.9,58.9,58.9,58.9,58.9,58.9,58.9,58.9
WaterMainCZ07May,Temperature,59,59,59,59,59,59,59,59,59,59,59,59,59,59,59,59,59,59,59,59,59,59,59,59
WaterMainCZ07Jun,Temperature,60.2,60.2,60.2,60.2,60.2,60.2,60.2,60.2,60.2,60.2,60.2,60.2,60.2,60.2,60.2,60.2,60.2,60.2,60.2,60.2,60.2,60.2,60.2,60.2
WaterMainCZ07Jul,Temperature,61,61,61,61,61,61,61,61,61,61,61,61,61,61,61,61,61,61,61,61,61,61,61,61
WaterMainCZ07Aug,Temperature,62.1,62.1,62.1,62.1,62.1,62.1,62.1,62.1,62.1,62.1,62.1,62.1,62.1,62.1,62.1,62.1,62.1,62.1,62.1,62.1,62.1,62.1,62.1,62.1
WaterMainCZ07Sep,Temperature,62.6,62.6,62.6,62.6,62.6,62.6,62.6,62.6,62.6,62.6,62.6,62.6,62.6,62.6,62.6,62.6,62.6,62.6,62.6,62.6,62.6,62.6,62.6,62.6
WaterMainCZ07Oct,Temperature,62.8,62.8,62.8,62.8,62.8,62.8,62.8,62.8,62.8,62.8,62.8,62.8,62.8,62.8,62.8,62.8,62.8,62.8,62.8,62.8,62.8,62.8,62.8,62.8
WaterMainCZ07Nov,Temperature,61.5,61.5,61.5,61.5,61.5,61.5,61.5,61.5,61.5,61.5,61.5,61.5,61.5,61.5,61.5,61.5,61.5,61.5,61.5,61.5,61.5,61.5,61.5,61.5
WaterMainCZ07Dec,Temperature,59.7,59.7,59.7,59.7,59.7,59.7,59.7,59.7,59.7,59.7,59.7,59.7,59.7,59.7,59.7,59.7,59.7,59.7,59.7,59.7,59.7,59.7,59.7,59.7
WaterMainCZ08Jan,Temperature,58.4,58.4,58.4,58.4,58.4,58.4,58.4,58.4,58.4,58.4,58.4,58.4,58.4,58.4,58.4,58.4,58.4,58.4,58.4,58.4,58.4,58.4,58.4,58.4
WaterMainCZ08Feb,Temperature,58.6,58.6,58.6,58.6,58.6,58.6,58.6,58.6,58.6,58.6,58.6,58.6,58.6,58.6,58.6,58.6,58.6,58.6,58.6,58.6,58.6,58.6,58.6,58.6
WaterMainCZ08Mar,Temperature,59.2,59.2,59.2,59.2,59.2,59.2,59.2,59.2,59.2,59.2,59.2,59.2,59.2,59.2,59.2,59.2,59.2,59.2,59.2,59.2,59.2,59.2,59.2,59.2
WaterMainCZ08Apr,Temperature,59.3,59.3,59.3,59.3,59.3,59.3,59.3,59.3,59.3,59.3,59.3,59.3,59.3,59.3,59.3,59.3,59.3,59.3,59.3,59.3,59.3,59.3,59.3,59.3
WaterMainCZ08May,Temperature,59.6,59.6,59.6,59.6,59.6,59.6,59.6,59.6,59.6,59.6,59.6,59.6,59.6,59.6,59.6,59.6,59.6,59.6,59.6,59.6,59.6,59.6,59.6,59.6
WaterMainCZ08Jun,Temperature,61.3,61.3,61.3,61.3,61.3,61.3,61.3,61.3,61.3,61.3,61.3,61.3,61.3,61.3,61.3,61.3,61.3,61.3,61.3,61.3,61.3,61.3,61.3,61.3
WaterMainCZ08Jul,Temperature,62.6,62.6,62.6,62.6,62.6,62.6,62.6,62.6,62.6,62.6,62.6,62.6,62.6,62.6,62.6,62.6,62.6,62.6,62.6,62.6,62.6,62.6,62.6,62.6
WaterMainCZ08Aug,Temperature,63.7,63.7,63.7,63.7,63.7,63.7,63.7,63.7,63.7,63.7,63.7,63.7,63.7,63.7,63.7,63.7,63.7,63.7,63.7,63.7,63.7,63.7,63.7,63.7
WaterMainCZ08Sep,Temperature,64,64,64,64,64,64,64,64,64,64,64,64,64,64,64,64,64,64,64,64,64,64,64,64
WaterMainCZ08Oct,Temperature,64,64,64,64,64,64,64,64,64,64,64,64,64,64,64,64,64,64,64,64,64,64,64,64
WaterMainCZ08Nov,Temperature,61.9,61.9,61.9,61.9,61.9,61.9,61.9,61.9,61.9,61.9,61.9,61.9,61.9,61.9,61.9,61.9,61.9,61.9,61.9,61.9,61.9,61.9,61.9,61.9
WaterMainCZ08Dec,Temperature,59.2,59.2,59.2,59.2,59.2,59.2,59.2,59.2,59.2,59.2,59.2,59.2,59.2,59.2,59.2,59.2,59.2,59.2,59.2,59.2,59.2,59.2,59.2,59.2
WaterMainCZ09Jan,Temperature,57.7,57.7,57.7,57.7,57.7,57.7,57.7,57.7,57.7,57.7,57.7,57.7,57.7,57.7,57.7,57.7,57.7,57.7,57.7,57.7,57.7,57.7,57.7,57.7
WaterMainCZ09Feb,Temperature,57.6,57.6,57.6,57.6,57.6,57.6,57.6,57.6,57.6,57.6,57.6,57.6,57.6,57.6,57.6,57.6,57.6,57.6,57.6,57.6,57.6,57.6,57.6,57.6
WaterMainCZ09Mar,Temperature,58,58,58,58,58,58,58,58,58,58,58,58,58,58,58,58,58,58,58,58,58,58,58,58
WaterMainCZ09Apr,Temperature,58.7,58.7,58.7,58.7,58.7,58.7,58.7,58.7,58.7,58.7,58.7,58.7,58.7,58.7,58.7,58.7,58.7,58.7,58.7,58.7,58.7,58.7,58.7,58.7
WaterMainCZ09May,Temperature,58.9,58.9,58.9,58.9,58.9,58.9,58.9,58.9,58.9,58.9,58.9,58.9,58.9,58.9,58.9,58.9,58.9,58.9,58.9,58.9,58.9,58.9,58.9,58.9
WaterMainCZ09Jun,Temperature,61.2,61.2,61.2,61.2,61.2,61.2,61.2,61.2,61.2,61.2,61.2,61.2,61.2,61.2,61.2,61.2,61.2,61.2,61.2,61.2,61.2,61.2,61.2,61.2
WaterMainCZ09Jul,Temperature,62.4,62.4,62.4,62.4,62.4,62.4,62.4,62.4,62.4,62.4,62.4,62.4,62.4,62.4,62.4,62.4,62.4,62.4,62.4,62.4,62.4,62.4,62.4,62.4
WaterMainCZ09Aug,Temperature,63.9,63.9,63.9,63.9,63.9,63.9,63.9,63.9,63.9,63.9,63.9,63.9,63.9,63.9,63.9,63.9,63.9,63.9,63.9,63.9,63.9,63.9,63.9,63.9
WaterMainCZ09Sep,Temperature,64.5,64.5,64.5,64.5,64.5,64.5,64.5,64.5,64.5,64.5,64.5,64.5,64.5,64.5,64.5,64.5,64.5,64.5,64.5,64.5,64.5,64.5,64.5,64.5
WaterMainCZ09Oct,Temperature,64.4,64.4,64.4,64.4,64.4,64.4,64.4,64.4,64.4,64.4,64.4,64.4,64.4,64.4,64.4,64.4,64.4,64.4,64.4,64.4,64.4,64.4,64.4,64.4
WaterMainCZ09Nov,Temperature,61.3,61.3,61.3,61.3,61.3,61.3,61.3,61.3,61.3,61.3,61.3,61.3,61.3,61.3,61.3,61.3,61.3,61.3,61.3,61.3,61.3,61.3,61.3,61.3
WaterMainCZ09Dec,Temperature,58.3,58.3,58.3,58.3,58.3,58.3,58.3,58.3,58.3,58.3,58.3,58.3,58.3,58.3,58.3,58.3,58.3,58.3,58.3,58.3,58.3,58.3,58.3,58.3
WaterMainCZ10Jan,Temperature,57.2,57.2,57.2,57.2,57.2,57.2,57.2,57.2,57.2,57.2,57.2,57.2,57.2,57.2,57.2,57.2,57.2,57.2,57.2,57.2,57.2,57.2,57.2,57.2
WaterMainCZ10Feb,Temperature,57.1,57.1,57.1,57.1,57.1,57.1,57.1,57.1,57.1,57.1,57.1,57.1,57.1,57.1,57.1,57.1,57.1,57.1,57.1,57.1,57.1,57.1,57.1,57.1
WaterMainCZ10Mar,Temperature,57.6,57.6,57.6,57.6,57.6,57.6,57.6,57.6,57.6,57.6,57.6,57.6,57.6,57.6,57.6,57.6,57.6,57.6,57.6,57.6,57.6,57.6,57.6,57.6
WaterMainCZ10Apr,Temperature,58.2,58.2,58.2,58.2,58.2,58.2,58.2,58.2,58.2,58.2,58.2,58.2,58.2,58.2,58.2,58.2,58.2,58.2,58.2,58.2,58.2,58.2,58.2,58.2
WaterMainCZ10May,Temperature,58.4,58.4,58.4,58.4,58.4,58.4,58.4,58.4,58.4,58.4,58.4,58.4,58.4,58.4,58.4,58.4,58.4,58.4,58.4,58.4,58.4,58.4,58.4,58.4
WaterMainCZ10Jun,Temperature,61.1,61.1,61.1,61.1,61.1,61.1,61.1,61.1,61.1,61.1,61.1,61.1,61.1,61.1,61.1,61.1,61.1,61.1,61.1,61.1,61.1,61.1,61.1,61.1
WaterMainCZ10Jul,Temperature,63,63,63,63,63,63,63,63,63,63,63,63,63,63,63,63,63,63,63,63,63,63,63,63
WaterMainCZ10Aug,Temperature,64.5,64.5,64.5,64.5,64.5,64.5,64.5,64.5,64.5,64.5,64.5,64.5,64.5,64.5,64.5,64.5,64.5,64.5,64.5,64.5,64.5,64.5,64.5,64.5
WaterMainCZ10Sep,Temperature,65,65,65,65,65,65,65,65,65,65,65,65,65,65,65,65,65,65,65,65,65,65,65,65
WaterMainCZ10Oct,Temperature,64.4,64.4,64.4,64.4,64.4,64.4,64.4,64.4,64.4,64.4,64.4,64.4,64.4,64.4,64.4,64.4,64.4,64.4,64.4,64.4,64.4,64.4,64.4,64.4
WaterMainCZ10Nov,Temperature,61.3,61.3,61.3,61.3,61.3,61.3,61.3,61.3,61.3,61.3,61.3,61.3,61.3,61.3,61.3,61.3,61.3,61.3,61.3,61.3,61.3,61.3,61.3,61.3
WaterMainCZ10Dec,Temperature,57.4,57.4,57.4,57.4,57.4,57.4,57.4,57.4,57.4,57.4,57.4,57.4,57.4,57.4,57.4,57.4,57.4,57.4,57.4,57.4,57.4,57.4,57.4,57.4
WaterMainCZ11Jan,Temperature,51.6,51.6,51.6,51.6,51.6,51.6,51.6,51.6,51.6,51.6,51.6,51.6,51.6,51.6,51.6,51.6,51.6,51.6,51.6,51.6,51.6,51.6,51.6,51.6
WaterMainCZ11Feb,Temperature,50.5,50.5,50.5,50.5,50.5,50.5,50.5,50.5,50.5,50.5,50.5,50.5,50.5,50.5,50.5,50.5,50.5,50.5,50.5,50.5,50.5,50.5,50.5,50.5
WaterMainCZ11Mar,Temperature,52.3,52.3,52.3,52.3,52.3,52.3,52.3,52.3,52.3,52.3,52.3,52.3,52.3,52.3,52.3,52.3,52.3,52.3,52.3,52.3,52.3,52.3,52.3,52.3
WaterMainCZ11Apr,Temperature,54.1,54.1,54.1,54.1,54.1,54.1,54.1,54.1,54.1,54.1,54.1,54.1,54.1,54.1,54.1,54.1,54.1,54.1,54.1,54.1,54.1,54.1,54.1,54.1
WaterMainCZ11May,Temperature,54.6,54.6,54.6,54.6,54.6,54.6,54.6,54.6,54.6,54.6,54.6,54.6,54.6,54.6,54.6,54.6,54.6,54.6,54.6,54.6,54.6,54.6,54.6,54.6
WaterMainCZ11Jun,Temperature,58.1,58.1,58.1,58.1,58.1,58.1,58.1,58.1,58.1,58.1,58.1,58.1,58.1,58.1,58.1,58.1,58.1,58.1,58.1,58.1,58.1,58.1,58.1,58.1
WaterMainCZ11Jul,Temperature,62.8,62.8,62.8,62.8,62.8,62.8,62.8,62.8,62.8,62.8,62.8,62.8,62.8,62.8,62.8,62.8,62.8,62.8,62.8,62.8,62.8,62.8,62.8,62.8
WaterMainCZ11Aug,Temperature,64.4,64.4,64.4,64.4,64.4,64.4,64.4,64.4,64.4,64.4,64.4,64.4,64.4,64.4,64.4,64.4,64.4,64.4,64.4,64.4,64.4,64.4,64.4,64.4
WaterMainCZ11Sep,Temperature,63.3,63.3,63.3,63.3,63.3,63.3,63.3,63.3,63.3,63.3,63.3,63.3,63.3,63.3,63.3,63.3,63.3,63.3,63.3,63.3,63.3,63.3,63.3,63.3
WaterMainCZ11Oct,Temperature,61.4,61.4,61.4,61.4,61.4,61.4,61.4,61.4,61.4,61.4,61.4,61.4,61.4,61.4,61.4,61.4,61.4,61.4,61.4,61.4,61.4,61.4,61.4,61.4
WaterMainCZ11Nov,Temperature,57.2,57.2,57.2,57.2,57.2,57.2,57.2,57.2,57.2,57.2,57.2,57.2,57.2,57.2,57.2,57.2,57.2,57.2,57.2,57.2,57.2,57.2,57.2,57.2
WaterMainCZ11Dec,Temperature,53.2,53.2,53.2,53.2,53.2,53.2,53.2,53.2,53.2,53.2,53.2,53.2,53.2,53.2,53.2,53.2,53.2,53.2,53.2,53.2,53.2,53.2,53.2,53.2
WaterMainCZ12Jan,Temperature,51.4,51.4,51.4,51.4,51.4,51.4,51.4,51.4,51.4,51.4,51.4,51.4,51.4,51.4,51.4,51.4,51.4,51.4,51.4,51.4,51.4,51.4,51.4,51.4
WaterMainCZ12Feb,Temperature,51.5,51.5,51.5,51.5,51.5,51.5,51.5,51.5,51.5,51.5,51.5,51.5,51.5,51.5,51.5,51.5,51.5,51.5,51.5,51.5,51.5,51.5,51.5,51.5
WaterMainCZ12Mar,Temperature,52.7,52.7,52.7,52.7,52.7,52.7,52.7,52.7,52.7,52.7,52.7,52.7,52.7,52.7,52.7,52.7,52.7,52.7,52.7,52.7,52.7,52.7,52.7,52.7
WaterMainCZ12Apr,Temperature,54.6,54.6,54.6,54.6,54.6,54.6,54.6,54.6,54.6,54.6,54.6,54.6,54.6,54.6,54.6,54.6,54.6,54.6,54.6,54.6,54.6,54.6,54.6,54.6
WaterMainCZ12May,Temperature,54.7,54.7,54.7,54.7,54.7,54.7,54.7,54.7,54.7,54.7,54.7,54.7,54.7,54.7,54.7,54.7,54.7,54.7,54.7,54.7,54.7,54.7,54.7,54.7
WaterMainCZ12Jun,Temperature,58,58,58,58,58,58,58,58,58,58,58,58,58,58,58,58,58,58,58,58,58,58,58,58
WaterMainCZ12Jul,Temperature,60.2,60.2,60.2,60.2,60.2,60.2,60.2,60.2,60.2,60.2,60.2,60.2,60.2,60.2,60.2,60.2,60.2,60.2,60.2,60.2,60.2,60.2,60.2,60.2
WaterMainCZ12Aug,Temperature,61.3,61.3,61.3,61.3,61.3,61.3,61.3,61.3,61.3,61.3,61.3,61.3,61.3,61.3,61.3,61.3,61.3,61.3,61.3,61.3,61.3,61.3,61.3,61.3
WaterMainCZ12Sep,Temperature,60.8,60.8,60.8,60.8,60.8,60.8,60.8,60.8,60.8,60.8,60.8,60.8,60.8,60.8,60.8,60.8,60.8,60.8,60.8,60.8,60.8,60.8,60.8,60.8
WaterMainCZ12Oct,Temperature,60.4,60.4,60.4,60.4,60.4,60.4,60.4,60.4,60.4,60.4,60.4,60.4,60.4,60.4,60.4,60.4,60.4,60.4,60.4,60.4,60.4,60.4,60.4,60.4
WaterMainCZ12Nov,Temperature,57.2,57.2,57.2,57.2,57.2,57.2,57.2,57.2,57.2,57.2,57.2,57.2,57.2,57.2,57.2,57.2,57.2,57.2,57.2,57.2,57.2,57.2,57.2,57.2
WaterMainCZ12Dec,Temperature,53.1,53.1,53.1,53.1,53.1,53.1,53.1,53.1,53.1,53.1,53.1,53.1,53.1,53.1,53.1,53.1,53.1,53.1,53.1,53.1,53.1,53.1,53.1,53.1
WaterMainCZ13Jan,Temperature,51.7,51.7,51.7,51.7,51.7,51.7,51.7,51.7,51.7,51.7,51.7,51.7,51.7,51.7,51.7,51.7,51.7,51.7,51.7,51.7,51.7,51.7,51.7,51.7
WaterMainCZ13Feb,Temperature,51.9,51.9,51.9,51.9,51.9,51.9,51.9,51.9,51.9,51.9,51.9,51.9,51.9,51.9,51.9,51.9,51.9,51.9,51.9,51.9,51.9,51.9,51.9,51.9
WaterMainCZ13Mar,Temperature,53.5,53.5,53.5,53.5,53.5,53.5,53.5,53.5,53.5,53.5,53.5,53.5,53.5,53.5,53.5,53.5,53.5,53.5,53.5,53.5,53.5,53.5,53.5,53.5
WaterMainCZ13Apr,Temperature,55.4,55.4,55.4,55.4,55.4,55.4,55.4,55.4,55.4,55.4,55.4,55.4,55.4,55.4,55.4,55.4,55.4,55.4,55.4,55.4,55.4,55.4,55.4,55.4
WaterMainCZ13May,Temperature,56.2,56.2,56.2,56.2,56.2,56.2,56.2,56.2,56.2,56.2,56.2,56.2,56.2,56.2,56.2,56.2,56.2,56.2,56.2,56.2,56.2,56.2,56.2,56.2
WaterMainCZ13Jun,Temperature,60.1,60.1,60.1,60.1,60.1,60.1,60.1,60.1,60.1,60.1,60.1,60.1,60.1,60.1,60.1,60.1,60.1,60.1,60.1,60.1,60.1,60.1,60.1,60.1
WaterMainCZ13Jul,Temperature,63.2,63.2,63.2,63.2,63.2,63.2,63.2,63.2,63.2,63.2,63.2,63.2,63.2,63.2,63.2,63.2,63.2,63.2,63.2,63.2,63.2,63.2,63.2,63.2
WaterMainCZ13Aug,Temperature,65.2,65.2,65.2,65.2,65.2,65.2,65.2,65.2,65.2,65.2,65.2,65.2,65.2,65.2,65.2,65.2,65.2,65.2,65.2,65.2,65.2,65.2,65.2,65.2
WaterMainCZ13Sep,Temperature,64.4,64.4,64.4,64.4,64.4,64.4,64.4,64.4,64.4,64.4,64.4,64.4,64.4,64.4,64.4,64.4,64.4,64.4,64.4,64.4,64.4,64.4,64.4,64.4
WaterMainCZ13Oct,Temperature,62.6,62.6,62.6,62.6,62.6,62.6,62.6,62.6,62.6,62.6,62.6,62.6,62.6,62.6,62.6,62.6,62.6,62.6,62.6,62.6,62.6,62.6,62.6,62.6
WaterMainCZ13Nov,Temperature,58.6,58.6,58.6,58.6,58.6,58.6,58.6,58.6,58.6,58.6,58.6,58.6,58.6,58.6,58.6,58.6,58.6,58.6,58.6,58.6,58.6,58.6,58.6,58.6
WaterMainCZ13Dec,Temperature,53.7,53.7,53.7,53.7,53.7,53.7,53.7,53.7,53.7,53.7,53.7,53.7,53.7,53.7,53.7,53.7,53.7,53.7,53.7,53.7,53.7,53.7,53.7,53.7
WaterMainCZ14Jan,Temperature,50.1,50.1,50.1,50.1,50.1,50.1,50.1,50.1,50.1,50.1,50.1,50.1,50.1,50.1,50.1,50.1,50.1,50.1,50.1,50.1,50.1,50.1,50.1,50.1
WaterMainCZ14Feb,Temperature,50.1,50.1,50.1,50.1,50.1,50.1,50.1,50.1,50.1,50.1,50.1,50.1,50.1,50.1,50.1,50.1,50.1,50.1,50.1,50.1,50.1,50.1,50.1,50.1
WaterMainCZ14Mar,Temperature,51.4,51.4,51.4,51.4,51.4,51.4,51.4,51.4,51.4,51.4,51.4,51.4,51.4,51.4,51.4,51.4,51.4,51.4,51.4,51.4,51.4,51.4,51.4,51.4
WaterMainCZ14Apr,Temperature,53.5,53.5,53.5,53.5,53.5,53.5,53.5,53.5,53.5,53.5,53.5,53.5,53.5,53.5,53.5,53.5,53.5,53.5,53.5,53.5,53.5,53.5,53.5,53.5
WaterMainCZ14May,Temperature,54.6,54.6,54.6,54.6,54.6,54.6,54.6,54.6,54.6,54.6,54.6,54.6,54.6,54.6,54.6,54.6,54.6,54.6,54.6,54.6,54.6,54.6,54.6,54.6
WaterMainCZ14Jun,Temperature,58.6,58.6,58.6,58.6,58.6,58.6,58.6,58.6,58.6,58.6,58.6,58.6,58.6,58.6,58.6,58.6,58.6,58.6,58.6,58.6,58.6,58.6,58.6,58.6
WaterMainCZ14Jul,Temperature,60.8,60.8,60.8,60.8,60.8,60.8,60.8,60.8,60.8,60.8,60.8,60.8,60.8,60.8,60.8,60.8,60.8,60.8,60.8,60.8,60.8,60.8,60.8,60.8
WaterMainCZ14Aug,Temperature,63.6,63.6,63.6,63.6,63.6,63.6,63.6,63.6,63.6,63.6,63.6,63.6,63.6,63.6,63.6,63.6,63.6,63.6,63.6,63.6,63.6,63.6,63.6,63.6
WaterMainCZ14Sep,Temperature,64.1,64.1,64.1,64.1,64.1,64.1,64.1,64.1,64.1,64.1,64.1,64.1,64.1,64.1,64.1,64.1,64.1,64.1,64.1,64.1,64.1,64.1,64.1,64.1
WaterMainCZ14Oct,Temperature,61.6,61.6,61.6,61.6,61.6,61.6,61.6,61.6,61.6,61.6,61.6,61.6,61.6,61.6,61.6,61.6,61.6,61.6,61.6,61.6,61.6,61.6,61.6,61.6
WaterMainCZ14Nov,Temperature,56.4,56.4,56.4,56.4,56.4,56.4,56.4,56.4,56.4,56.4,56.4,56.4,56.4,56.4,56.4,56.4,56.4,56.4,56.4,56.4,56.4,56.4,56.4,56.4
WaterMainCZ14Dec,Temperature,51.6,51.6,51.6,51.6,51.6,51.6,51.6,51.6,51.6,51.6,51.6,51.6,51.6,51.6,51.6,51.6,51.6,51.6,51.6,51.6,51.6,51.6,51.6,51.6
WaterMainCZ15Jan,Temperature,63.2,63.2,63.2,63.2,63.2,63.2,63.2,63.2,63.2,63.2,63.2,63.2,63.2,63.2,63.2,63.2,63.2,63.2,63.2,63.2,63.2,63.2,63.2,63.2
WaterMainCZ15Feb,Temperature,63.6,63.6,63.6,63.6,63.6,63.6,63.6,63.6,63.6,63.6,63.6,63.6,63.6,63.6,63.6,63.6,63.6,63.6,63.6,63.6,63.6,63.6,63.6,63.6
WaterMainCZ15Mar,Temperature,64.2,64.2,64.2,64.2,64.2,64.2,64.2,64.2,64.2,64.2,64.2,64.2,64.2,64.2,64.2,64.2,64.2,64.2,64.2,64.2,64.2,64.2,64.2,64.2
WaterMainCZ15Apr,Temperature,66.5,66.5,66.5,66.5,66.5,66.5,66.5,66.5,66.5,66.5,66.5,66.5,66.5,66.5,66.5,66.5,66.5,66.5,66.5,66.5,66.5,66.5,66.5,66.5
WaterMainCZ15May,Temperature,67.9,67.9,67.9,67.9,67.9,67.9,67.9,67.9,67.9,67.9,67.9,67.9,67.9,67.9,67.9,67.9,67.9,67.9,67.9,67.9,67.9,67.9,67.9,67.9
WaterMainCZ15Jun,Temperature,71.6,71.6,71.6,71.6,71.6,71.6,71.6,71.6,71.6,71.6,71.6,71.6,71.6,71.6,71.6,71.6,71.6,71.6,71.6,71.6,71.6,71.6,71.6,71.6
WaterMainCZ15Jul,Temperature,74.7,74.7,74.7,74.7,74.7,74.7,74.7,74.7,74.7,74.7,74.7,74.7,74.7,74.7,74.7,74.7,74.7,74.7,74.7,74.7,74.7,74.7,74.7,74.7
WaterMainCZ15Aug,Temperature,76.4,76.4,76.4,76.4,76.4,76.4,76.4,76.4,76.4,76.4,76.4,76.4,76.4,76.4,76.4,76.4,76.4,76.4,76.4,76.4,76.4,76.4,76.4,76.4
WaterMainCZ15Sep,Temperature,76.4,76.4,76.4,76.4,76.4,76.4,76.4,76.4,76.4,76.4,76.4,76.4,76.4,76.4,76.4,76.4,76.4,76.4,76.4,76.4,76.4,76.4,76.4,76.4
WaterMainCZ15Oct,Temperature,74.5,74.5,74.5,74.5,74.5,74.5,74.5,74.5,74.5,74.5,74.5,74.5,74.5,74.5,74.5,74.5,74.5,74.5,74.5,74.5,74.5,74.5,74.5,74.5
WaterMainCZ15Nov,Temperature,69.9,69.9,69.9,69.9,69.9,69.9,69.9,69.9,69.9,69.9,69.9,69.9,69.9,69.9,69.9,69.9,69.9,69.9,69.9,69.9,69.9,69.9,69.9,69.9
WaterMainCZ15Dec,Temperature,64.5,64.5,64.5,64.5,64.5,64.5,64.5,64.5,64.5,64.5,64.5,64.5,64.5,64.5,64.5,64.5,64.5,64.5,64.5,64.5,64.5,64.5,64.5,64.5
WaterMainCZ16Jan,Temperature,42.6,42.6,42.6,42.6,42.6,42.6,42.6,42.6,42.6,42.6,42.6,42.6,42.6,42.6,42.6,42.6,42.6,42.6,42.6,42.6,42.6,42.6,42.6,42.6
WaterMainCZ16Feb,Temperature,41.4,41.4,41.4,41.4,41.4,41.4,41.4,41.4,41.4,41.4,41.4,41.4,41.4,41.4,41.4,41.4,41.4,41.4,41.4,41.4,41.4,41.4,41.4,41.4
WaterMainCZ16Mar,Temperature,41.5,41.5,41.5,41.5,41.5,41.5,41.5,41.5,41.5,41.5,41.5,41.5,41.5,41.5,41.5,41.5,41.5,41.5,41.5,41.5,41.5,41.5,41.5,41.5
WaterMainCZ16Apr,Temperature,42.7,42.7,42.7,42.7,42.7,42.7,42.7,42.7,42.7,42.7,42.7,42.7,42.7,42.7,42.7,42.7,42.7,42.7,42.7,42.7,42.7,42.7,42.7,42.7
WaterMainCZ16May,Temperature,42.6,42.6,42.6,42.6,42.6,42.6,42.6,42.6,42.6,42.6,42.6,42.6,42.6,42.6,42.6,42.6,42.6,42.6,42.6,42.6,42.6,42.6,42.6,42.6
WaterMainCZ16Jun,Temperature,47,47,47,47,47,47,47,47,47,47,47,47,47,47,47,47,47,47,47,47,47,47,47,47
WaterMainCZ16Jul,Temperature,50.8,50.8,50.8,50.8,50.8,50.8,50.8,50.8,50.8,50.8,50.8,50.8,50.8,50.8,50.8,50.8,50.8,50.8,50.8,50.8,50.8,50.8,50.8,50.8
WaterMainCZ16Aug,Temperature,53.5,53.5,53.5,53.5,53.5,53.5,53.5,53.5,53.5,53.5,53.5,53.5,53.5,53.5,53.5,53.5,53.5,53.5,53.5,53.5,53.5,53.5,53.5,53.5
WaterMainCZ16Sep,Temperature,53,53,53,53,53,53,53,53,53,53,53,53,53,53,53,53,53,53,53,53,53,53,53,53
WaterMainCZ16Oct,Temperature,50.8,50.8,50.8,50.8,50.8,50.8,50.8,50.8,50.8,50.8,50.8,50.8,50.8,50.8,50.8,50.8,50.8,50.8,50.8,50.8,50.8,50.8,50.8,50.8
WaterMainCZ16Nov,Temperature,46.8,46.8,46.8,46.8,46.8,46.8,46.8,46.8,46.8,46.8,46.8,46.8,46.8,46.8,46.8,46.8,46.8,46.8,46.8,46.8,46.8,46.8,46.8,46.8
WaterMainCZ16Dec,Temperature,42.8,42.8,42.8,42.8,42.8,42.8,42.8,42.8,42.8,42.8,42.8,42.8,42.8,42.8,42.8,42.8,42.8,42.8,42.8,42.8,42.8,42.8,42.8,42.8
